ID,Z_HAI,Z_LU,Z_DR,Z_LI,Z_GT,Z_DAV,Z_I,Z_LP,Z_NL,Z_CC,Z_LA,Z_DMR,Z_1960C,FAC_1,FAC_2,FAC_3,FAC_4
9330001.01,-0.407811,0.269347,0.80041,-0.135785,0.452356,-0.454172,-0.720428,2.03979,-0.099272,0.657919,0.200127,-0.471794,-0.850425,0.89071,-0.71882,0.28428,-0.56258
9330001.02,-0.396776,-0.037876,0.114523,0.428176,0.430198,-0.349156,-0.05683,1.516342,0.325294,0.185265,-0.117835,-0.246004,-0.804072,0.70413,-0.10869,-0.07522,-0.50067
9330002.01,-0.271485,-0.115093,0.183414,0.121676,-0.079433,-0.085457,-0.519753,0.703854,0.270793,0.284752,-0.08723,0.624802,-0.32205,0.43744,-0.37281,0.14339,0.08693
9330002.03,0.050299,0.471613,-0.422039,-0.013185,0.40804,0.791861,0.084394,-0.120335,1.908086,0.332396,-0.907069,-0.69519,0.250792,0.73076,0.32356,-1.36524,0.54513
9330002.04,-0.11938,-0.05836,0.073335,-0.577145,0.252935,0.152992,-0.404075,0.819634,0.182238,0.491746,-0.37937,0.166781,-0.493359,0.53219,-0.51466,-0.26117,-0.01089
9330003.01,-0.540666,1.40501,0.681909,0.661116,1.44946,0.379163,1.515144,0.212704,1.61172,-1.923021,-0.998979,-0.414899,0.823975,1.04624,1.66054,-0.86106,0.54546
9330003.02,-0.5588,2.552083,1.015979,0.477216,0.939829,0.405864,1.86165,-0.050004,1.407711,-1.026997,-1.001985,-1.082404,1.072972,1.08704,1.51534,-0.94544,0.55029
9330004.01,-0.397024,0.088245,0.126947,0.244276,0.496672,0.589509,1.706168,0.700474,0.975709,-1.103664,-0.181707,0.786729,0.837371,0.48248,1.08902,-0.14589,0.86002
9330004.02,-0.25177,0.177358,0.688959,0.048115,0.851198,0.32115,1.994132,-0.002072,1.232359,-1.270646,-0.916138,-0.302318,0.800016,0.3541,1.47968,-0.64812,0.4658
9330005,-1.234326,0.075299,2.908101,1.090217,-0.234538,-0.757835,1.073722,1.253433,-0.316934,-1.382806,2.538693,0.22996,0.246751,-0.39331,1.10694,2.59242,-0.38028
9330006.01,0.023549,0.493781,-0.088924,0.158456,-0.566906,1.363237,0.901271,0.463095,1.12276,-0.778445,-0.595859,0.675082,0.825061,0.23495,0.89635,-0.53001,1.30177
9330006.02,-0.323002,-0.624602,0.239423,0.979877,-0.234538,1.268582,0.158968,0.455017,1.075545,-0.478586,-0.703706,1.376862,0.535644,0.32089,0.56875,-0.1217,1.29264
9330007.01,0.951394,-0.390056,-0.141991,0.244276,-0.8328,2.446679,-0.014037,-0.315833,0.134223,0.239349,0.192723,0.704171,1.245612,-0.59718,0.23907,-0.06092,1.95802
9330007.02,3.854333,-0.026048,-0.399027,-0.074485,-1.497537,4.450139,0.906,-0.700458,0.427664,-0.140184,-0.65124,0.062475,1.42925,-1.45815,1.22962,-1.37675,3.22786
9330008.01,0.487208,1.736319,-0.323831,-2.121908,-0.433959,-2.016872,0.036278,2.40882,-0.975957,-0.049716,-0.282837,2.825849,-0.709895,1.37467,-1.42865,0.39022,-0.07577
9330008.02,4.46867,-1.161864,-0.987002,-0.601666,-1.630484,3.366249,-0.557601,-1.307872,-0.395144,0.432464,-0.306175,-0.284512,1.546086,-2.01172,0.16258,-1.10926,2.69109
9330009,0.328191,-0.361501,0.920164,1.359937,-0.810643,2.818568,1.609846,0.667624,0.373635,-1.037177,0.975857,0.416086,1.552309,-0.78271,1.68158,0.68644,2.03033
9330010.01,0.350013,-0.121155,-0.000526,1.163777,-0.433959,1.923591,1.260835,0.677989,1.02768,-1.107546,0.555478,1.475968,0.501877,-0.1197,1.33274,0.19124,1.57534
9330010.02,-0.120527,-0.221121,0.634137,2.046498,-0.101591,3.55868,0.640087,0.205918,1.301605,-1.069684,0.119661,-0.17156,0.350596,-0.34719,1.82688,-0.24595,1.64996
9330011,-0.215193,1.350278,0.481937,0.697896,0.673935,0.421027,0.503731,0.455017,1.000922,-0.357165,-0.311191,0.906892,0.337111,1.09352,0.44038,-0.22804,0.83352
9330012,0.017473,0.047258,0.08386,-0.417765,-0.21238,0.808504,0.087306,0.294732,0.398704,-0.256162,-0.594814,0.394759,1.307092,0.2375,0.07331,-0.27978,1.16317
9330013.01,-0.56097,0.01294,0.476548,0.415916,1.382987,0.32733,0.603041,1.126575,1.947595,-0.220567,-0.737923,1.656666,0.560294,1.66371,0.26344,-0.41426,1.17907
9330013.03,-0.382641,-0.377763,0.38278,0.268796,1.028461,0.437688,0.817565,0.443771,1.09588,-0.899596,-0.644412,-1.084666,0.397981,0.36014,0.97912,-0.65419,0.07508
9330013.04,-0.608272,1.830269,0.576972,0.501736,1.161408,0.37344,0.454005,0.688822,2.261101,-0.810828,-1.078463,0.305016,0.416886,1.76974,0.76787,-1.01432,0.81611
9330014.01,-0.37793,-0.613475,-0.009139,0.207496,0.984145,0.286857,0.422621,1.171548,3.481313,0.049856,-1.054223,0.913186,0.251809,1.65701,0.43625,-1.20736,0.99671
9330014.02,-0.920075,1.855986,0.582492,1.274117,1.914776,0.262749,0.776544,1.554155,3.673066,-0.422501,-0.18442,-0.201707,0.205636,2.47556,1.02312,-1.06503,0.68206
9330015.01,-0.276289,0.560749,-0.228722,0.072635,0.762566,0.598733,-0.466919,-0.153074,1.657189,0.354181,-0.88686,-0.443914,0.529362,0.99922,-0.02675,-1.11738,0.62477
9330015.02,-0.295012,0.440516,0.157316,0.268796,0.629619,0.489907,0.620191,0.634432,1.352301,-0.321049,-0.709535,-0.819835,0.838001,0.77027,0.63422,-0.81217,0.54331
9330016.01,-0.749,-0.13411,0.930904,1.151517,1.028461,0.134301,0.501808,1.772339,2.288172,-0.372036,-0.057525,1.330093,-0.187034,1.53453,0.57856,0.02158,0.68415
9330016.04,-0.581304,0.290032,0.16133,0.403656,0.496672,-0.233026,0.490352,0.974834,0.864422,-0.45672,-0.770623,1.163071,-0.027141,1.03314,0.24513,-0.21786,0.34583
9330016.05,-0.92553,-0.859657,1.510155,0.501736,1.028461,-0.045672,0.74622,1.10085,1.086987,-1.296639,-0.091024,-0.588362,0.228458,0.38801,1.06613,0.25834,-0.11716
9330016.06,-1.132779,0.873107,0.69876,1.421237,-0.411801,-0.956009,0.836485,0.841438,0.945648,-2.155126,-0.023085,-1.339887,-0.934893,-0.00606,1.75039,0.08864,-1.34594
9330017.01,-0.488002,1.31353,0.312379,0.477216,1.205724,0.438889,0.019821,1.033458,2.475839,-0.179651,-0.956879,-0.363823,0.369135,1.79955,0.43455,-1.2043,0.69486
9330017.02,-0.549097,1.504026,0.171782,0.452696,0.984145,0.058134,0.280635,0.642726,2.43919,-0.742503,-0.432828,0.723046,0.508383,1.67018,0.58347,-0.74046,0.82969
9330018.01,-0.631923,1.288823,0.403379,0.820497,1.183566,0.273098,-0.060688,1.114613,3.11854,-0.035756,-0.872763,-0.135435,0.488536,2.05454,0.45851,-1.1844,0.84067
9330018.02,-0.299413,-0.295722,0.256697,-0.380985,0.164304,0.217731,-0.01435,0.340805,0.776116,0.136166,-0.704014,1.185936,1.587502,0.72514,-0.29662,-0.1104,1.32748
9330019,-0.320089,-1.363341,0.205724,-0.049965,0.230777,0.823541,-0.228294,0.392465,0.192591,0.046219,0.076349,-0.014166,1.59503,-0.04777,-0.11617,0.23789,1.01991
9330020,0.816927,-0.698941,-0.672924,0.477216,-0.456117,2.815703,0.580151,0.277338,0.500541,-0.305135,-0.252498,0.64937,1.38311,-0.36366,0.69752,-0.5089,2.13019
9330021,7.655049,-1.47409,-0.889399,-0.834606,-1.918536,7.084472,-0.527373,-0.648637,0.152874,0.001384,-0.860257,1.018968,3.357049,-2.28669,0.63643,-1.9312,6.20267
9330022,-0.724047,0.843585,1.637709,2.095538,0.275093,0.956279,2.126312,1.711226,0.140543,-1.973679,1.949249,1.140809,0.617933,0.16856,1.88173,1.7019,0.89278
9330023,2.534401,-1.112608,-0.635973,-0.466805,-1.475379,3.519801,-0.135238,-0.66438,-0.158477,0.355035,-0.559785,0.225151,2.475474,-1.32791,0.19068,-0.75123,3.05459
9330024,3.011637,0.277602,-0.640701,-0.564885,-1.431063,3.643183,-0.002617,-1.114875,-0.388695,0.025222,-0.513121,0.747093,2.62513,-1.15035,0.27525,-0.81429,3.4279
9330025,1.720285,-0.694933,-0.437503,-0.613926,-1.2538,2.646363,0.003717,-0.960844,-0.328786,-0.111918,-0.230692,-0.647092,2.615826,-1.36431,0.36943,-0.50446,2.27669
9330026,1.609717,-0.774948,-0.542901,-0.037705,-1.032221,3.233573,0.447238,-0.437527,0.297907,-0.235827,0.345614,-1.212429,1.891764,-1.35828,0.93349,-0.61605,2.02156
9330027.01,0.444432,0.135478,-0.936601,0.452696,-0.478275,2.614033,1.612233,0.021936,0.982021,-1.001887,0.170112,0.321999,1.013852,-0.41142,1.47388,-0.64294,1.65807
9330027.02,0.617273,-0.151395,-0.553762,1.838078,-0.965748,2.772906,2.862554,0.86902,1.410494,-2.376168,-0.236817,-1.025213,0.635959,-0.93936,3.11124,-0.88107,1.18197
9330028,1.857975,-2.103239,-0.030681,-0.331945,-1.56401,4.10213,0.133122,-0.683391,0.236107,-0.188004,-0.707243,1.487355,2.741135,-1.42495,0.55058,-0.31641,3.6556
9330029,0.484263,-1.123686,0.615884,-0.221605,-1.165169,1.145068,-0.8426,-0.01607,-0.589218,0.486705,-0.196674,0.403758,1.698985,-0.68493,-0.48059,0.48818,1.46524
9330030,0.298527,-0.21991,0.203121,-0.650706,-0.456117,0.740304,-0.690165,0.012085,-0.060296,0.529455,-0.371078,0.924754,1.82778,0.16294,-0.71139,0.09889,1.5912
9330031.01,0.364334,-1.467189,0.809823,-0.675226,-1.098695,1.228141,-0.81291,-0.3153,-0.458409,0.759219,-0.097432,0.726374,3.182306,-0.6186,-0.75016,0.69401,2.28287
9330031.02,-0.240208,-0.516146,0.600401,-0.062225,-0.234538,0.310702,-0.351652,0.03507,0.615913,0.267097,-0.574559,-0.213822,1.426074,0.14845,-0.10715,-0.0948,0.85232
9330032,-0.47117,-0.740148,0.625797,-0.099005,-0.035117,0.034796,-0.363954,0.671847,0.780152,0.49213,-0.416686,0.49213,1.588011,0.58248,-0.41847,0.15069,1.05428
9330033.01,-0.324521,-0.326161,0.195291,-0.356465,-0.057275,0.269822,0.110686,-0.13504,0.492063,-0.487382,-0.61176,-0.421856,1.45214,0.007,0.27649,-0.27863,0.64974
9330033.02,-0.549903,-0.518058,0.520379,0.060375,0.939829,0.278219,0.563811,1.009645,2.337739,-0.569406,-0.786615,0.540333,0.863328,1.1757,0.58978,-0.62161,0.94948
9330034.01,-0.761616,0.127475,0.360072,0.501736,1.493776,0.124942,-0.221352,1.143771,3.037456,-0.279061,-0.827155,-0.70399,0.543292,1.72687,0.45917,-1.1466,0.5049
9330034.02,-0.423372,0.252616,0.653716,0.256536,0.673935,0.105387,-0.026266,1.129652,1.863349,0.122421,-0.662504,0.847083,1.454657,1.49022,-0.05228,-0.33544,1.36057
9330035.01,-0.553127,0.179058,0.560044,0.452696,1.405144,0.258954,0.553398,1.349666,1.610382,-0.388412,-0.384365,-0.012615,0.839648,1.36791,0.45266,-0.42212,0.73128
9330035.02,-0.5097,0.601179,0.556359,0.305576,0.740408,0.034008,-0.447316,1.289885,1.482499,0.2861,0.096401,3.018895,0.395382,1.82187,-0.61537,0.38307,1.44012
9330036.01,-0.458709,-0.12664,-0.066576,0.440436,1.117092,0.255151,-0.063041,0.763144,2.303651,0.216485,-0.762001,-0.347433,0.781481,1.34816,0.18121,-0.99974,0.69729
9330036.02,-0.316586,-0.777897,-0.259011,0.293316,0.607461,0.468307,-0.202117,0.362032,1.536672,0.053441,-0.91357,-0.415937,0.592961,0.63075,0.18195,-0.87763,0.51386
9330037.01,-0.498541,0.332222,1.311822,-0.233865,-0.566906,0.146821,-0.361125,0.31401,0.134558,-0.024379,-0.118674,0.367424,2.44284,0.30497,-0.24166,0.63869,1.41358
9330037.02,-0.760934,0.134358,1.766468,0.673376,0.053514,0.047753,-0.268941,0.634432,0.099747,0.347912,0.78866,1.061446,1.474982,0.5491,-0.28334,1.3216,1.09321
9330038,-0.641935,0.035027,2.01677,0.587556,-1.098695,-0.362054,-0.20426,0.201495,-0.523988,-0.232839,0.878415,0.915688,0.486373,-0.40498,0.08713,1.67875,0.2759
9330039.01,-0.434469,-0.843882,2.022895,-0.417765,-1.298116,0.067085,-0.661951,-1.136367,-0.960785,0.229522,2.31238,2.102494,1.482401,-1.13475,-0.55474,2.61253,1.08657
9330039.02,-0.32852,-0.68385,0.954065,-0.049965,-0.921432,-0.404174,-0.439733,0.076861,-0.621771,0.406594,1.840895,1.234553,-0.559993,-0.65656,-0.45924,1.71737,-0.23063
9330040.01,-0.931017,-0.520314,2.442702,0.133936,-1.342432,-0.626504,-0.830813,-1.898357,-0.943316,0.222212,2.214715,0.006582,1.264453,-1.49332,-0.17804,2.45977,-0.02585
9330040.02,-0.650304,-1.703306,2.269042,-0.000925,-1.143011,-0.477903,-0.533861,-1.017144,-0.941576,-0.13609,2.492684,0.054944,0.986946,-1.70629,-0.00635,2.57533,-0.10532
9330041.01,-0.43636,0.010446,1.946703,-0.246125,-1.120853,-0.138637,-0.417449,-0.62425,-0.911979,-0.073479,1.963316,1.05761,1.04269,-0.86898,-0.23613,2.14946,0.54947
9330041.02,0.225466,-0.958883,0.717499,-0.111265,-1.320274,0.434494,-0.200513,0.089926,-0.728741,0.136647,0.779029,0.247311,0.646475,-1.00793,-0.08615,1.00726,0.47485
9330042,0.448647,-0.387802,0.531647,-0.773306,-0.94359,1.760234,-0.69782,-0.691524,-0.823445,0.135363,0.043537,0.828467,2.470322,-0.68177,-0.44588,0.5322,2.11441
9330043.01,0.970148,0.161889,0.590854,0.084895,-1.165169,2.519192,0.552163,-0.783473,-0.461669,-0.80677,0.191555,-0.246004,1.93801,-1.23086,0.98043,0.16163,1.90135
9330043.02,2.421539,-1.656221,-0.580482,-0.687486,-1.431063,3.248308,0.610575,-0.795464,-0.286364,-0.388164,-0.41997,-0.566442,2.873057,-1.83871,0.78114,-0.67388,2.72031
9330044,2.219095,-0.738006,0.456058,-0.380985,-1.298116,3.865692,-0.622661,-0.955352,-0.656419,0.384208,0.549391,2.314517,1.459801,-1.25184,-0.1583,0.47175,3.25307
9330045.01,0.708498,-0.308189,0.927343,-0.160305,-1.497537,1.600493,-0.557456,-0.700458,-0.975406,0.323461,0.613288,-0.289865,2.153602,-1.22088,-0.11098,0.79841,1.60152
9330045.02,0.162045,-0.065721,1.155772,-0.246125,-1.320274,1.070267,-0.197557,-0.614089,-0.939498,0.035976,0.968648,1.188791,1.831244,-0.87075,-0.1532,1.35065,1.56574
9330046,-0.539581,-0.591166,2.106259,0.354616,-1.187326,-0.092597,-0.257901,-0.673821,-0.859793,-0.445492,2.017107,1.062058,0.924808,-1.16254,0.15686,2.3476,0.44529
9330047.01,0.428623,-0.549093,1.464125,-0.331945,-1.408905,0.311221,-1.037981,-1.158878,-1.014732,0.475167,2.319776,1.256387,0.868197,-1.32883,-0.60761,2.09721,0.80967
9330047.02,-0.711152,0.366367,2.2952,0.366876,-1.519694,-0.392489,0.589845,-0.969342,-1.054183,-0.481021,2.567768,2.171611,0.682011,-1.11853,0.33693,2.84666,0.47119
9330048,-0.031007,-1.635681,1.24471,0.133936,-1.386747,0.340782,-0.592321,-0.643939,-0.871223,-0.104144,1.722222,1.380509,0.350427,-1.45094,-0.12531,1.9595,0.47071
9330049.01,0.202125,-0.106888,0.850869,-0.380985,-1.497537,-0.187502,-0.324935,-0.946277,-0.829023,0.06559,1.131751,0.727021,-0.563524,-1.18059,-0.11842,1.18812,-0.26346
9330049.02,0.218026,-0.308189,0.996848,-0.295165,-0.63338,-0.129355,-0.781094,0.176518,-0.85408,0.567697,1.506701,3.241985,-0.935032,-0.13626,-0.99403,1.78354,0.47241
9330050.02,-1.156523,1.09874,2.177701,1.507058,0.607461,-0.514795,-0.252222,0.763144,-0.185631,0.184395,2.049193,2.172985,0.378711,0.95912,-0.30559,2.25042,0.59953
9330050.03,-1.10051,0.35792,1.46316,1.580618,-0.101591,-0.910042,-0.734951,-0.339169,-0.758263,0.485228,2.483604,1.949337,0.062984,0.05809,-0.54953,2.49196,0.00625
9330050.04,-1.241704,0.479997,1.43555,1.274117,0.71825,-1.104065,0.31089,1.139014,-0.469334,-0.091629,2.422393,1.454141,-0.073503,0.63342,-0.12167,2.21461,-0.25852
9330051.01,-0.271144,-0.452758,0.391571,-0.417765,0.031356,0.347363,-0.464874,-0.012486,0.825048,0.833205,-0.106447,1.401925,2.637935,0.7107,-0.77629,0.28125,1.97605
9330051.02,-0.278211,0.967005,0.456058,-0.111265,0.563145,0.170129,-0.742335,0.865447,2.101986,0.295011,-0.443263,0.47527,0.68042,1.55015,-0.29778,-0.60543,0.99387
9330052.01,-0.694723,1.433635,0.835808,0.391396,1.75967,0.248863,-0.301214,2.258638,2.263727,0.206766,0.105347,-0.297586,0.748627,2.33787,-0.10451,-0.485,0.86337
9330052.02,-0.463731,-0.067469,0.369404,0.097155,0.740408,0.170206,-0.137748,0.476963,2.111148,0.262224,-0.550434,-0.199636,0.816225,1.0887,0.10284,-0.68665,0.69752
9330053.01,-0.346746,0.554737,0.003184,0.219756,0.540988,0.240838,-0.440562,0.688499,1.519996,0.669935,-0.571888,1.095519,2.174314,1.55597,-0.57159,-0.37117,1.80625
9330053.02,-0.090863,-0.308563,-0.249858,-0.368725,0.009199,0.148315,-0.721854,-0.111317,0.818997,0.557016,-0.458666,0.862295,3.014581,0.71136,-0.76886,-0.13253,1.92456
9330054.01,-0.191294,0.01017,0.676027,-0.638446,-0.500432,0.257929,-0.236161,0.28614,0.556478,0.439123,-0.252498,1.408071,3.075142,0.6168,-0.6207,0.41304,2.16848
9330054.02,0.013165,-1.335111,-0.319484,-0.111265,0.341567,0.385325,-0.227676,0.18573,1.788971,-0.008891,-0.574559,-0.012615,2.14123,0.46155,0.03908,-0.62168,1.37957
9330055.01,-0.98675,0.793939,1.464079,0.967617,0.71825,-0.359376,-0.433045,1.936838,0.801912,0.413383,0.844041,3.746445,1.525173,2.08318,-0.88259,1.56012,1.967
9330055.02,-1.0197,0.807288,1.58418,1.016657,0.053514,-0.489523,-0.604077,1.032561,-0.067443,0.667215,1.45323,2.355946,0.755975,1.05647,-0.78,1.85918,0.92414
9330056.01,-1.223725,1.467075,2.696138,2.009718,0.71825,-0.456209,-0.927763,3.611341,-0.144402,0.746186,2.381443,3.363055,1.080384,2.30457,-1.16265,2.88809,1.64115
9330056.02,-0.694413,0.176637,1.787634,0.109416,-0.500432,-0.156528,-1.080337,1.033773,-0.787469,0.810169,1.953443,0.966566,1.541601,0.22909,-1.04097,2.10195,0.93453
9330057.01,-1.768629,3.692294,3.298322,5.270883,6.878139,-0.616958,0.582338,3.669806,5.20949,0.423225,1.547927,2.804983,0.388765,6.37714,0.56441,0.56212,1.89372
9330057.02,-1.204879,2.541897,2.088439,1.838078,2.291459,-0.058386,-0.700824,2.290116,2.685746,0.633893,1.736434,0.631221,1.660542,3.09575,-0.2893,0.80563,1.56746
9330058,-1.941284,3.529146,3.305524,6.337505,5.703771,0.124881,0.088133,-0.012781,0.028901,-0.462229,0.066563,2.101637,0.432949,3.65657,0.77297,1.33326,1.05604
9330059.06,-0.986502,1.453729,2.292253,2.585939,-0.323169,-0.081003,-0.689113,-0.949131,0.219195,-0.078761,3.336176,-0.017105,1.07806,-0.28446,0.52432,2.46815,0.38606
9330059.07,1.400609,-1.247734,0.170251,-0.601666,-1.630484,0.522194,0.220311,-1.286664,-0.421229,-0.974952,0.456376,-0.843902,-0.984377,-2.19503,0.93407,0.12553,-0.57232
9330059.08,0.633485,-0.887253,0.504028,-0.282905,-1.386747,0.270938,0.306221,-0.157214,-0.542157,-0.368596,0.435608,-0.69519,-0.755642,-1.43237,0.54828,0.40648,-0.5222
9330059.09,-0.675195,0.561202,1.625892,1.139257,-1.497537,-0.568905,0.202275,-1.948372,-0.73337,-1.40936,1.970117,-0.043146,-0.929562,-1.74942,1.23035,1.86561,-1.1112
9330059.1,-0.481461,-1.377128,1.487592,1.347677,-1.408905,-0.640416,-0.268734,-1.508716,-0.761032,-1.197957,2.189794,0.231005,-0.640067,-2.0441,0.91339,2.21184,-0.94643
9330059.11,-0.311967,-0.485011,1.45052,1.298637,-1.741273,-0.511001,0.745189,-1.74815,-0.853502,-2.427127,1.772484,-1.134716,-0.667198,-2.52753,2.03098,1.69853,-1.38017
9330059.12,-0.124154,-0.508749,1.01217,0.195236,-1.497537,-0.369851,0.911659,-0.898451,-0.37961,-1.644574,0.073141,-1.633637,-0.777178,-1.79779,1.57912,0.40255,-1.29013
9330060.01,-1.067312,-2.104933,2.728047,0.820497,-0.544748,-0.562057,0.406312,-1.120976,-0.904989,-0.360487,2.309565,0.05014,0.302149,-1.72393,0.63701,2.67608,-0.58582
9330060.02,-1.049582,-0.097995,2.409426,1.041177,-0.500432,-0.611754,-0.285767,-1.429572,-0.81617,-1.099043,2.916448,0.432176,-0.196331,-1.32799,0.67505,2.70684,-0.67505
9330061,-0.971096,-1.243244,3.023825,0.219756,-0.699853,-0.322112,-0.174116,-1.518825,-0.852666,-1.054301,2.373114,-0.515268,0.320664,-1.87061,0.77063,2.54003,-0.62249
9330062,-0.659293,-1.374105,2.162898,-0.589406,-0.101591,-0.509149,-0.207093,-2.095223,-0.978577,-0.338,2.6593,1.709387,0.782089,-1.37695,-0.16366,2.67586,0.1797
9330063,-0.892487,-0.387322,2.254979,0.795977,-0.788485,-0.621265,0.126859,-0.388396,-0.923511,-0.932058,2.850866,1.540262,0.70397,-0.99887,0.38827,2.95138,0.15526
9330064,-1.224934,0.272954,2.824423,2.144578,-0.8328,-0.738499,0.105151,-0.627377,-0.839146,-1.715828,3.167694,-0.158923,1.075086,-1.27917,1.24661,3.11356,-0.27256
9330065,-1.105904,0.918762,2.589441,1.936158,-0.921432,-0.548878,0.03126,-1.058172,-0.76838,-2.453741,2.09464,-0.220677,1.07493,-1.2197,1.54794,2.4431,-0.18105
9330066,0.237586,0.327075,1.140039,0.513996,-1.541852,0.582884,1.909395,-0.601199,-0.209762,-2.558152,0.38715,-0.37812,-0.767989,-1.69858,2.34794,0.55702,-0.45742
9330067.01,-1.221772,-1.366262,2.814005,1.911638,0.119988,-0.617432,0.518751,-1.113842,-0.718287,-1.103034,3.461764,0.589248,0.012336,-1.45778,1.0946,3.24324,-0.62563
9330067.02,-0.329171,0.4918,1.889662,1.470277,-1.054379,0.892509,1.256378,-0.223391,-0.338922,-2.905282,0.719434,-0.768852,-0.778573,-1.48081,2.47165,1.00874,-0.50044
9330068,-0.815365,-0.50458,2.528061,0.550776,-0.766327,0.066438,0.779395,-1.456626,-0.916373,-0.822703,2.331938,0.641163,1.101524,-1.49659,0.86503,2.50955,0.29223
9330069,-0.488405,0.920703,0.975985,3.17442,-0.899274,1.225457,3.007469,0.528515,0.420268,-4.434825,-0.040807,-0.331418,-0.324731,-1.07776,3.99368,0.41617,-0.02491
9330100.01,0.18489,-0.563075,0.56037,-0.785566,-0.722011,0.424948,0.593807,0.466755,-0.862403,0.168855,0.575657,0.145722,1.367048,-0.58249,-0.12268,0.75411,0.76747
9330100.02,-0.245602,-1.166484,0.582101,-0.319685,-0.63338,-0.084762,-0.150285,0.372187,-0.958277,0.157988,0.538339,0.553782,0.663041,-0.57221,-0.39143,1.03891,0.25208
9330101.03,-0.805384,-0.057305,1.345068,0.538516,-0.389643,-0.818666,0.876802,0.175665,-0.754103,-0.835735,2.149445,0.65949,-0.50923,-0.69238,0.61145,1.96453,-0.73767
9330101.04,-0.881452,-0.251077,1.473251,0.697896,0.230777,-0.627198,1.619435,1.544649,-0.538749,-1.424244,1.717172,0.247912,-0.329342,-0.24406,1.08088,1.68437,-0.64187
9330101.05,-0.430842,-0.699983,0.631741,-0.062225,-0.52259,-0.397338,0.618261,0.783516,-0.835909,-0.925476,1.085547,1.399093,0.042701,-0.47631,0.23666,1.42575,-0.00087
9330101.06,-0.547455,-0.621835,0.955832,0.845017,-0.079433,-0.487675,0.013498,1.658305,-0.518271,-0.4753,1.882931,-0.793249,-0.71032,-0.35786,0.30631,1.41871,-0.94106
9330102,0.073423,0.914981,-0.168351,-0.515845,-0.433959,-0.135757,0.04097,1.907881,-0.729876,0.256549,-0.111658,1.345802,0.265895,0.80362,-0.73006,0.30775,0.59865
9330103,-0.47706,-0.3105,0.913718,-0.503585,0.09783,-0.228482,0.653148,1.147456,-0.692721,-0.129832,1.27058,0.277109,0.41466,-0.06416,-0.07336,1.18657,0.0081
9330104,0.356368,-0.75497,0.084001,-0.491325,-0.611222,0.447099,-0.047272,0.194523,-0.802011,0.361204,-0.252498,0.382298,0.839873,-0.4221,-0.38294,0.24972,0.66856
9330110.02,1.147298,-0.003076,-1.19631,-0.748786,-0.810643,0.623409,-0.755818,-0.550449,-1.009019,0.834669,-0.749938,-1.20497,0.250918,-0.68032,-0.64744,-0.86895,0.09293
9330110.03,1.060784,-1.610047,-0.900271,-1.006246,-1.298116,0.870572,-1.010726,-1.736885,-1.037196,1.117052,0.041311,1.052289,0.432428,-1.37088,-0.99044,0.14892,0.77441
9330110.04,1.066767,-1.441389,-0.692182,-1.067546,-1.032221,0.594047,-1.045821,0.02272,-1.016088,0.962929,-0.286537,1.175986,-0.043091,-0.67826,-1.16127,0.08312,0.63184
9330111.01,0.32069,0.263827,-0.165592,-1.226926,-0.655538,0.141233,-1.272394,1.036629,-0.910801,0.914287,0.109718,0.163241,-0.570028,0.12093,-1.2701,0.12836,-0.06398
9330111.02,1.148848,0.785436,-1.101787,-0.981726,-0.722011,0.645508,-0.961787,-0.8862,-0.914315,0.932927,-0.173502,-0.236937,-0.480598,-0.46213,-0.86029,-0.61433,0.07106
9330111.03,0.074942,-0.656697,-0.975815,-0.650706,-0.877116,-0.368157,-0.066325,1.203699,-0.907267,0.536501,0.071118,1.397601,-0.491717,-0.02814,-0.84655,0.34784,-0.05666
9330112,-0.076945,-0.707512,-0.383455,-0.699746,0.385882,0.336525,-0.872208,-0.859785,-0.844637,0.722953,0.493662,-0.528889,2.146229,-0.28716,-0.91977,0.29862,0.80095
9330113,0.037033,-0.609784,0.167009,-0.417765,-0.123749,0.10924,-0.394476,0.080502,-0.752171,0.356144,0.841973,-0.135547,0.603691,-0.40662,-0.48354,0.66232,0.16715
9330114.01,0.94504,-0.415521,-1.018441,-0.417765,-0.854958,0.459106,-1.242665,-0.717323,-0.967636,0.930629,-0.62192,-0.477842,-0.366284,-0.6996,-0.83634,-0.54396,-0.07963
9330114.02,0.846127,-0.809795,-0.891356,-1.067546,-0.899274,0.463074,-1.10263,-0.76809,-0.966495,1.008187,-0.373854,-0.555989,0.569993,-0.82665,-0.9772,-0.35524,0.28341
9330115,0.349734,-1.187316,-0.489973,-1.079806,-0.699853,0.175887,-0.345873,-0.438062,-0.823445,0.26849,0.241775,0.839974,0.186746,-0.77533,-0.60041,0.36105,0.24271
9330116,1.758381,-0.796056,-0.549886,-0.712006,-1.054379,1.109541,-0.782691,-1.270493,-0.835994,0.431226,-0.536951,-0.043146,0.803337,-1.19305,-0.40664,-0.40902,0.96828
9330117,2.359235,-0.645703,-0.72889,-1.325007,-1.032221,0.850527,-0.786267,-0.765235,-0.868319,0.650855,-0.370875,-0.510191,1.675163,-1.05224,-0.71385,-0.53652,1.29089
9330118,-0.027318,0.319164,-0.171746,0.109416,-0.278854,0.135139,0.621409,0.075613,-0.627431,-0.186747,0.870927,-0.045994,0.972367,-0.30603,0.17929,0.54619,0.35103
9330119,0.87201,-1.58627,-0.689647,-0.981726,-0.854958,0.941277,0.267247,-1.461955,-0.969928,0.501318,0.309144,0.913186,2.492396,-1.23767,-0.422,0.39449,1.65266
9330120,1.845359,-0.918175,-1.054384,-0.331945,-0.899274,0.917488,-0.09319,-0.774811,-0.793906,0.328712,-0.192257,-0.376307,1.340835,-1.14182,-0.14369,-0.40833,1.02169
9330121,1.963026,-1.264719,-1.190374,-0.932686,-1.054379,1.22815,-0.863347,-1.252817,-0.882016,0.612017,-0.493842,-0.110313,3.333896,-1.1184,-0.76588,-0.4224,2.20031
9330122,2.132395,-0.656151,-0.695207,-0.846866,-1.231642,1.088753,-0.47836,-0.947324,-0.768707,0.702396,-0.849089,-0.309532,0.003758,-1.18933,-0.3461,-0.78782,0.61458
9330130.01,0.238733,-1.009308,0.601758,0.146196,0.341567,0.928593,-0.45061,-0.750461,-0.773035,0.240369,1.529829,1.43916,-0.028484,-0.62429,-0.3271,1.24668,0.62723
9330130.03,-0.464413,1.782864,0.809823,1.102477,0.784724,0.583675,1.383876,0.849635,-0.341083,-0.928864,1.909307,0.480103,0.230121,0.43078,0.91487,1.12524,0.37114
9330130.04,-1.206181,1.404115,2.067433,-2.121908,1.671039,-2.016872,2.13489,4.478023,-0.654425,-1.927901,2.032598,0.807001,-0.49344,1.58674,0.20223,1.80332,-0.96566
9330131,1.955307,0.277832,-0.622232,-0.810086,-1.010063,2.066264,-0.1983,-0.367697,-0.741139,0.143535,0.422295,-0.277577,1.628392,-0.94464,-0.09238,-0.27138,1.75408
9330132,6.620108,0.013844,-1.347928,-0.748786,-1.719115,4.183946,-0.847224,-1.383984,-0.887639,0.677382,-0.574559,-0.54107,1.400173,-2.11383,0.01839,-1.80644,3.32799
9330133.01,3.423066,-0.236176,-0.943884,-0.944946,-1.408905,2.197047,-0.754258,-1.360105,-0.993855,0.633686,-0.5004,0.608438,0.704268,-1.40036,-0.4479,-0.78574,1.88265
9330133.02,3.92045,-0.939353,-1.373354,-1.006246,-1.497537,2.182256,-0.397404,-1.655302,-0.897038,0.11297,-0.714238,-0.526543,-0.271324,-2.11267,0.16638,-1.30665,1.03475
9330134,3.728204,0.237801,-0.979745,0.268796,-1.519694,3.537294,1.07583,-0.731917,0.034313,-0.876124,-0.412648,-0.249003,0.322584,-1.69365,1.55066,-1.32367,2.07101
9330135,2.876488,-0.508553,-1.164452,-0.430025,-1.386747,2.821639,0.410253,-0.418173,-0.291526,-1.218476,-0.798922,0.461399,1.808752,-1.35785,0.86893,-0.97515,2.48844
9330140.02,1.522025,-1.086794,-1.013529,-0.773306,-1.275958,0.030395,-0.632431,-0.588039,-0.411019,0.695805,0.292125,-0.92656,-0.837986,-1.30703,-0.38341,-0.36752,-0.55568
9330140.03,-0.243835,-1.294799,0.814628,0.293316,0.009199,0.368688,0.673891,-0.02071,-0.222293,-0.11149,-0.373271,0.051615,-0.093919,-0.48173,0.46077,0.28582,-0.00654
9330140.04,0.34493,-0.212978,-0.859537,-0.773306,-0.877116,-0.042795,-0.179917,-0.719587,-0.050224,0.723685,-1.227734,-0.095642,-0.689725,-0.3379,-0.371,-0.89594,-0.33354
9330141.01,0.346976,-0.813708,0.182328,-0.724266,-0.433959,0.203172,-0.590711,0.521044,-0.37725,0.463096,0.568088,-0.415105,-0.697515,-0.49169,-0.45182,0.28469,-0.35818
9330141.02,0.082444,-0.529704,-1.213178,-0.479065,-0.63338,-0.311446,0.962363,-0.814465,-0.588396,0.343336,0.096401,-1.868869,-0.984377,-1.13871,0.37676,-0.54283,-1.44782
9330142.01,0.265328,-0.676684,-0.95517,-0.944946,-0.367485,0.116726,-0.42087,-0.405613,-0.280921,0.417068,-0.737923,0.148121,-0.794069,-0.32636,-0.50072,-0.61457,-0.34337
9330142.02,0.325959,0.323851,-0.899515,-0.184825,-0.544748,0.362769,0.677993,0.065122,0.224845,0.032103,-0.283978,-0.892438,-0.213686,-0.26433,0.40549,-0.74039,-0.19146
9330142.03,-0.117676,-0.301873,-0.37859,0.526256,0.142146,0.359004,1.337976,-0.080856,0.341298,-0.694981,-0.137397,1.110582,-0.302736,-0.05336,0.82706,-0.06338,0.22436
9330143.01,0.325494,0.261959,-1.010164,0.011335,-0.456117,0.415718,-0.034107,-0.555823,0.692025,0.113398,-1.03239,0.457717,-0.821625,0.06954,0.12682,-1.0127,0.0429
9330143.02,-0.436639,0.875014,0.087912,1.789038,0.762566,0.851336,0.348313,0.308064,1.326951,-0.132105,0.152675,1.124864,-0.125129,1.0201,0.59911,-0.10416,0.80107
9330143.03,-0.171146,-0.237725,-0.732807,0.771456,0.230777,0.807534,1.631376,-0.011066,1.339791,-1.14401,-0.348746,0.224172,-0.40976,-0.00914,1.48331,-0.72949,0.15734
9330143.04,0.090999,0.246976,-1.213564,0.133936,-0.256696,0.793828,0.610575,-0.683391,1.05902,0.02013,-0.906684,0.029058,-0.723852,0.02398,0.56625,-1.22883,0.04529
9330144.03,-0.037826,-0.084302,-0.452952,-0.221605,-0.123749,0.293303,0.501808,-0.22543,0.349366,-0.991017,-0.802278,0.839489,-0.495763,-0.06321,0.56153,-0.47749,0.07362
9330144.04,-0.508398,0.976718,0.182009,0.955357,0.430198,-0.064181,0.517663,0.765088,0.745302,-0.572701,0.085828,0.937169,-0.620925,0.84428,0.51151,0.06858,0.04
9330144.05,-0.305892,0.193655,-0.777255,0.513996,0.430198,0.811745,0.062767,-0.335052,1.547161,-0.630535,-0.700467,-1.019695,-0.519672,0.25384,0.84666,-1.23801,-0.1603
9330144.06,-0.314447,0.084692,-0.692435,-0.037705,0.851198,0.222311,-0.001812,0.310306,0.706116,-0.243384,-0.788488,-0.560888,-0.727429,0.57968,0.18134,-0.97132,-0.40008
9330145.01,-0.134941,-1.109271,-1.140858,0.403656,0.075672,0.7367,0.402298,-0.23089,1.596115,-0.748062,-0.756172,0.217672,-0.611081,-0.06278,0.85432,-1.02127,0.0715
9330145.02,0.440123,0.4828,-1.233702,-0.111265,-0.323169,0.370789,0.366688,-0.510447,0.87362,-0.473151,-0.965465,-0.694534,-0.984377,-0.13373,0.6564,-1.37303,-0.42319
9330146,-0.310913,-0.439094,-0.398191,0.207496,0.385882,0.09238,0.114303,-0.385401,0.263049,-0.187752,-0.831956,1.206034,-0.577291,0.26926,0.05255,-0.3271,0.05334
9330147.01,-0.751356,0.323694,-0.639214,1.703218,-0.52259,-0.201258,1.617657,0.223659,2.086279,-1.890147,-0.995477,-1.58208,-0.846211,-0.08544,2.29022,-1.18981,-0.97136
9330147.04,-0.799278,-1.228833,-0.430553,0.918577,0.363725,-0.93062,0.563218,0.850901,1.315227,-0.662489,0.377771,1.206034,-0.945545,0.42589,0.5074,0.26699,-0.55366
9330147.05,-0.934457,0.666349,-0.449619,1.911638,0.208619,-0.811053,1.53789,0.760903,2.051904,-1.75119,-0.485097,0.015749,-0.930285,0.72159,1.81216,-0.60271,-0.73665
9330147.07,-1.362687,-0.480668,0.417185,3.28476,0.917671,-0.794337,2.543951,1.092811,3.429381,-3.002661,0.065796,-0.942383,-0.858197,0.51585,3.33155,-0.37647,-1.01456
9330147.08,-1.095303,1.493931,0.399275,1.862598,0.585303,-1.058761,2.908299,1.068869,1.999295,-2.448493,0.195146,2.659672,-0.86916,1.25124,2.16511,0.36222,-0.04321
9330147.09,-0.85188,-0.154947,-0.205666,0.808237,0.252935,-0.980015,1.217073,0.792489,0.936521,-0.98179,0.76736,1.336163,-0.984377,0.41926,0.79022,0.52045,-0.61089
9330147.1,-0.894006,0.550509,-0.578434,0.330096,0.762566,-0.865095,0.558748,1.188479,0.923089,-0.251089,0.406771,-0.132781,-0.984377,0.94926,0.22538,-0.19716,-0.89599
9330148,-1.137025,0.931669,0.494299,2.549159,1.183566,-0.474308,2.523094,0.675487,1.852956,-2.582163,0.369928,-1.042516,-0.532161,0.51699,2.76765,-0.13805,-0.8654
9330149.02,0.573629,0.323851,-0.869179,-0.331945,-0.611222,0.425707,0.540708,-0.448402,0.712418,-0.082497,-0.895074,-0.944452,-0.828721,-0.3335,0.58314,-1.24019,-0.37143
9330149.05,-0.229793,-1.077008,-1.072209,1.997458,0.09783,1.635425,2.176866,-0.172649,2.526191,-1.777771,-1.013732,-0.976913,-0.798062,-0.41252,2.72158,-1.55273,-0.01992
9330149.06,0.445237,-0.341413,-1.121963,0.869537,-1.032221,0.968573,2.066202,-0.220906,1.735961,-1.52276,-0.950296,-1.441799,-0.984377,-0.90432,2.32723,-1.51585,-0.45382
9330149.07,0.235013,1.146652,-0.898168,1.163777,-0.123749,1.370481,1.290188,-0.157568,0.805007,-1.063287,-0.926234,-0.331418,-0.337177,0.06342,1.47835,-1.174,0.37917
9330149.08,-0.345445,-0.474766,-0.853923,0.746936,-0.367485,-0.192706,0.25478,0.541924,0.792236,-0.010056,-0.335995,1.71138,-0.984377,0.40553,0.0935,-0.13538,-0.01342
9330149.09,-0.393243,0.737138,0.011802,0.746936,0.164304,0.262863,1.489643,-0.111317,1.302352,-1.361025,-0.058175,1.407196,-0.697069,0.35517,1.34541,-0.16151,0.19528
9330150,0.074012,0.121924,-1.623646,-1.325007,-0.566906,-0.048289,-1.560615,-0.00375,-0.975957,1.000647,0.345614,2.160314,4.633987,0.66889,-2.16933,0.57749,2.78006
9330151.03,0.358693,-0.206604,-0.829315,-0.675226,-0.345327,0.171471,-0.401546,-0.248362,0.809758,0.370149,-1.287164,-0.234655,-0.600102,0.12206,-0.20214,-1.20758,-0.10167
9330151.05,-0.294578,-0.139894,-0.451047,-0.270645,0.673935,-0.266019,0.174043,-0.067087,0.485627,-0.21624,-0.735087,0.368613,-0.642799,0.45885,0.03252,-0.58191,-0.32847
9330151.06,-0.13646,-0.476767,-0.785607,0.023595,0.075672,-0.060583,0.122108,0.014406,1.259867,0.102915,-1.121454,-0.815337,-0.741677,0.23493,0.30997,-1.20903,-0.51374
9330151.07,-1.311541,-0.866701,0.334517,3.06408,0.385882,-0.660694,1.374913,0.685691,1.883831,-1.929009,0.072504,-0.734439,-0.485319,0.10453,2.2028,0.12464,-0.85277
9330151.08,-0.351489,-0.566932,-0.709257,0.624336,0.09783,-0.051541,0.03953,0.087887,1.674143,-0.146516,-1.276485,0.998525,-0.820923,0.64959,0.31366,-0.92958,0.03811
9330160.01,1.296054,-0.73287,-1.376062,-1.092066,-0.766327,0.338974,-1.316611,-1.949196,-1.020722,1.365856,-0.812408,-0.303963,-0.801389,-1.04112,-1.09532,-0.85028,-0.32015
9330160.02,0.250884,-1.044699,-0.450693,-0.993986,-0.145906,0.035654,-1.25956,-0.596816,-1.018343,1.278778,0.225051,-0.513452,-0.344944,-0.57488,-1.20518,0.08131,-0.42484
9330160.03,0.701679,-1.513934,-0.779531,-1.410827,-0.367485,0.104297,-1.328866,-1.208495,-1.051628,1.055801,0.298552,-0.56294,-0.593773,-1.11211,-1.11565,-0.051,-0.56284
9330160.04,0.187432,-2.089375,-0.344077,-1.349527,-0.190222,-0.359997,-0.861147,-0.796841,-1.018713,1.302271,0.546239,0.224172,-0.5643,-0.90079,-1.22382,0.48951,-0.58552
9330161.01,0.415728,0.024234,-0.423817,-0.601666,-0.145906,0.208,-1.227417,-0.914633,-0.261453,1.078684,-0.46433,1.567787,0.545767,0.2752,-1.22547,-0.09424,0.93304
9330161.02,-0.172789,-0.774209,0.184304,-0.761046,0.09783,-0.368808,-1.138113,-0.08713,-0.922749,0.904649,0.664832,0.027987,-0.493036,-0.24527,-1.10048,0.63066,-0.51844
9330161.03,0.183681,-0.996954,-0.739125,-1.190146,-0.256696,-0.360677,-1.14447,-0.587056,-0.886213,1.075718,0.181085,-1.14161,-0.767525,-0.69772,-1.04509,-0.1575,-1.01302
9330161.05,0.351036,-0.24229,-0.581188,-0.797826,-0.433959,-0.279895,-1.187754,0.249599,-0.872219,1.108326,-0.262396,1.279246,-0.614548,0.17335,-1.40379,0.11149,0.03172
9330161.06,0.554534,0.536139,-1.353944,-1.349527,-0.168064,-0.212243,-1.451551,-1.371087,-1.010807,1.370115,-0.231245,-1.029456,-0.807699,-0.34343,-1.3326,-0.75651,-0.82608
9330162.01,0.624588,-0.366707,-1.01777,-1.153366,-0.8328,-0.351743,-0.47331,-0.49272,-0.434945,0.667215,-0.830853,-0.918899,-0.917728,-0.59752,-0.53631,-0.84612,-0.83818
9330162.02,0.550505,0.095,-0.815741,-1.043026,-0.345327,-0.409993,-0.750128,-1.124952,-0.277293,0.672798,-1.097201,-0.40463,-0.753234,-0.24643,-0.6661,-0.9216,-0.58818
9330162.03,-0.260233,-0.537888,-0.022138,-0.626186,0.673935,-0.63283,0.091148,-0.700458,0.817605,-0.031269,-0.346502,-0.728287,-0.624276,0.03372,0.1289,-0.54589,-0.80719
9330162.04,0.878674,0.235219,-1.390434,-0.662966,-0.788485,-0.113439,-1.142597,-1.495295,-0.640268,1.133166,-1.004734,-0.558587,-0.676146,-0.51139,-0.89278,-1.00647,-0.46507
9330163.01,0.305997,-1.615026,-1.17371,-0.662966,-0.810643,-0.423295,-0.322555,-0.901175,-0.257397,0.690478,-0.846027,0.752683,-0.649368,-0.6721,-0.5854,-0.40836,-0.36927
9330163.04,0.586896,-0.372537,-1.165757,-0.834606,-0.52259,-0.40919,-1.018821,-0.876395,-0.655258,1.007426,-0.827155,0.454779,-0.041157,-0.20163,-1.12838,-0.51315,-0.02785
9330163.05,-0.225206,0.484203,-0.19308,-0.466805,0.806882,-0.687015,0.048839,-0.054949,0.170961,-0.120084,-0.429717,0.63745,-0.40228,0.6814,-0.26071,-0.27904,-0.27434
9330163.06,-0.116963,0.430269,0.473175,-0.111265,0.452356,-0.572596,0.450929,0.437054,0.280606,-0.072425,-0.286537,0.525523,-0.530807,0.56606,0.05087,-0.02379,-0.23185
9330163.07,-0.146224,0.609753,-0.446786,-0.613926,0.585303,-0.733504,-0.138716,0.02272,-0.181266,0.443297,-0.616567,0.795701,-0.485858,0.75659,-0.68324,-0.34329,-0.26619
9330163.08,0.002811,1.734994,-0.541351,-0.491325,0.252935,-0.606374,-0.392553,-0.348735,-0.19698,0.478984,-0.797121,-0.080405,0.420971,0.80828,-0.65058,-0.65025,0.0447
9330170.03,-1.069916,0.535007,-0.011472,0.391396,2.468722,-0.926014,0.214886,-0.275965,-0.920279,-0.094587,2.01109,-0.793249,-0.507757,0.4781,-0.1946,0.90423,-1.29753
9330170.04,0.287089,-0.088217,-0.005333,-0.221605,-0.345327,0.41418,-1.134703,-0.593455,-0.965815,0.99792,0.04559,0.58155,0.386458,-0.20045,-0.99668,0.33094,0.52353
9330170.05,-1.022583,-0.560801,0.281188,-0.466805,1.959091,-1.122706,-0.5411,1.631501,-0.979427,0.899931,2.350523,-0.119673,-0.487351,0.81462,-1.28889,1.42459,-1.00837
9330170.07,-0.075271,-0.947645,-0.193429,-0.491325,0.09783,-0.18664,-0.950303,0.555779,-0.910656,1.15402,0.549695,-0.734439,0.01374,-0.15429,-1.07314,0.36984,-0.38464
9330170.08,0.190129,0.262984,0.090238,-1.251446,-0.500432,0.158477,-1.401316,-0.510447,-0.967729,1.40456,0.44986,0.963278,0.17377,-0.03738,-1.53949,0.51091,0.44522
9330180.01,1.576333,-1.627027,-1.337973,-0.785566,-1.032221,0.319498,-0.306949,-1.15342,-0.60076,0.37716,-0.960124,-1.868869,-0.984377,-1.645,0.03437,-1.17316,-0.88198
9330180.02,0.57552,-0.990317,-0.707834,-0.761046,-0.8328,0.29059,0.001974,-0.971145,-0.642624,0.711541,-0.588731,-0.989591,-0.60053,-1.08953,-0.17253,-0.57334,-0.56614
9330181.03,1.423082,-0.581754,-0.466842,-0.687486,-0.921432,1.499778,-0.823093,-0.76461,-0.76773,0.881359,0.345614,0.416633,0.052883,-0.96076,-0.62219,-0.01927,0.87925
9330181.05,-0.558118,-0.536431,-0.702547,-0.748786,0.939829,-0.784434,-0.997578,0.483028,-0.912503,0.97529,0.895777,-0.799631,-0.552279,0.25274,-1.24372,0.29875,-1.05932
9330181.06,-0.077999,-0.949941,-1.09998,-1.202406,0.651777,-0.515835,-1.391222,-1.150485,-1.0647,1.337718,0.061925,-1.096448,-0.659221,-0.36934,-1.38935,-0.32445,-1.10835
9330181.07,1.290289,-1.560952,-1.187067,-1.141106,-0.921432,0.468049,-1.001526,-1.505664,-0.96231,1.033677,-0.456732,-0.861573,-0.444632,-1.43607,-0.76529,-0.62784,-0.3269
9330181.08,0.846003,-2.013472,-0.959911,-1.594727,-0.544748,0.781243,-1.376341,-1.284655,-0.986302,1.388242,-0.447581,-0.941517,-0.068658,-1.2336,-1.1684,-0.5407,-0.10817
9330181.09,1.894087,-0.232152,-1.289326,-1.006246,-1.076537,0.714675,-0.386308,-1.769273,-0.589218,0.611806,-0.199276,-1.480245,-0.875314,-1.52321,-0.09292,-1.02939,-0.4652
9330181.1,0.133992,-0.11882,-1.157506,-0.430025,0.275093,-0.159939,-0.653503,-0.868115,-0.497066,0.680657,0.177685,-1.465951,-0.871303,-0.40604,-0.48009,-0.56053,-1.06491
9330181.11,-0.828105,2.779762,0.678884,0.109416,1.405144,-0.712264,0.571099,1.885459,-0.681793,-0.337467,1.294427,0.426326,-0.918501,1.53064,-0.18466,0.77894,-0.62168
9330181.12,1.600108,-1.006616,-1.303692,-1.067546,-0.921432,1.120409,-0.494758,-2.269654,-0.61217,0.877803,-0.972805,0.078569,-0.667449,-1.36671,-0.40362,-1.03339,0.19365
9330181.13,0.238733,1.641804,-0.848484,0.060375,0.563145,0.017134,-0.337822,-1.36868,-0.764003,0.733589,-0.030012,-1.33775,-0.939823,0.00005,-0.30343,-0.69987,-0.89764
9330181.14,-0.25611,-0.903068,-0.70711,-0.613926,0.186462,-0.603148,-1.003869,1.255041,-0.69457,0.617799,0.25922,-1.402231,-0.984377,-0.01291,-0.87979,-0.07534,-1.25011
9330182.01,1.822638,-1.260862,-0.897112,-0.981726,-0.899274,0.992576,-0.87879,-1.593431,-0.005499,1.049456,-1.07193,-0.720816,-0.286306,-1.14921,-0.45326,-1.19614,0.30132
9330182.02,1.200148,-1.646615,-1.217454,-1.570207,-1.143011,-0.110925,-0.513791,-1.065865,-0.634304,0.655971,-1.182895,-1.868869,-0.984377,-1.49219,-0.37706,-1.18308,-1.09982
9330182.03,0.764883,-0.704662,-0.780523,-0.920426,-0.367485,-0.068615,0.107803,-1.270493,-0.117714,0.216518,-1.041313,-1.344895,-0.763807,-0.89064,0.11904,-1.08861,-0.81143
9330182.04,0.574435,-1.371983,-1.259698,-0.000925,-0.921432,0.00953,-1.221759,-1.498507,-0.518949,1.076523,-0.775846,-1.868869,-0.984377,-1.25287,-0.46936,-0.87491,-1.10884
9330182.05,0.20228,0.049262,-0.51498,-0.589406,0.09783,-0.1656,-0.812442,-1.305935,-0.262647,0.765877,-0.766261,-1.868869,-0.788951,-0.40569,-0.39945,-0.94225,-1.02741
9330182.06,-0.0364,0.314506,0.211387,0.158456,0.297251,0.20682,-1.560615,-0.14744,-0.589491,1.581401,-0.775846,2.94245,1.80385,1.23289,-1.83544,0.46498,2.02713
9330183.01,0.194716,-0.919803,-0.75277,-0.981726,-0.63338,-0.475609,-1.134976,-0.09785,-0.840879,1.201331,-0.594814,-0.700406,-0.431021,-0.39657,-1.1607,-0.33507,-0.6589
9330183.03,-0.457097,0.056451,-0.158011,-0.773306,0.186462,-0.807019,-1.117043,1.124731,-0.895868,0.983052,1.206534,0.835907,-0.339175,0.54547,-1.49516,0.93816,-0.33107
9330183.04,0.099926,-1.269246,-0.606835,-0.859126,-1.098695,-0.64266,-0.633354,-0.37901,-0.816222,0.82872,-0.767988,-1.615833,-0.830371,-1.00255,-0.55798,-0.44351,-1.2879
9330183.05,0.439844,-0.925408,-1.281026,-1.104326,-0.8328,-0.490159,-0.935646,-0.905167,-0.867291,1.122685,-0.519303,-1.628247,-0.883085,-0.96344,-0.85496,-0.70613,-1.23659
9330183.06,-0.547424,0.497988,-1.093109,-1.092066,0.540988,-0.98889,-0.187042,1.073425,-0.804346,0.323798,0.677899,-0.53433,-0.858899,0.47815,-0.83919,0.0205,-1.18617
9330183.07,0.373106,-0.177452,-1.167981,-1.141106,-0.345327,-0.374996,-1.360973,-0.991872,-0.74436,1.306641,-0.677894,-0.684616,-0.790944,-0.29858,-1.25237,-0.73233,-0.76346
9330184.02,-0.87891,0.759574,-0.192491,0.783716,1.493776,-1.338092,-0.07453,1.711226,-0.29385,0.376585,0.258086,-0.647479,-0.738441,1.33965,-0.49044,0.11016,-1.11851
9330184.06,0.16967,0.387066,0.144335,-0.932686,0.474514,-0.261946,0.796054,-0.868115,1.10315,-0.675021,-1.077567,-1.476767,-0.833074,-0.07083,0.86135,-1.25883,-0.85425
9330184.07,-0.701822,1.176676,0.156923,-0.282905,1.87046,-0.782951,0.089403,0.739524,0.563274,0.222373,0.366937,-0.588362,-0.731703,1.35194,-0.28392,-0.2629,-0.79285
9330184.08,-0.262061,0.127475,-0.683354,-0.221605,1.028461,-0.706483,0.081995,-0.187837,0.784893,-0.749446,-0.842942,-0.309532,-0.809954,0.54942,0.28026,-0.91233,-0.77659
9330184.09,-0.011695,0.551912,-0.413131,-0.626186,0.474514,-0.493705,0.314319,-0.376812,0.618329,-0.353635,-1.105362,-0.31388,-0.79664,0.39624,0.22057,-1.01236,-0.60899
9330184.1,-0.0249,0.121924,0.28811,-0.013185,0.71825,-0.187874,-0.246767,-0.281616,0.570604,0.271387,-0.660644,-1.166185,-0.984377,0.27345,0.07944,-0.71921,-0.77131
9330184.11,0.29335,-0.060776,-0.030498,-0.491325,-0.057275,0.007743,-0.312925,-0.267592,0.496971,0.170461,-1.290249,-1.505992,-0.984377,-0.09988,0.12368,-1.13758,-0.7567
9330184.12,0.127793,0.185125,-0.752704,-0.613926,-0.278854,-0.501012,0.731129,-0.786827,0.526768,-0.846742,-0.546308,-0.386048,-0.859536,-0.38368,0.68313,-0.7639,-0.80367
9330184.13,0.797244,-1.696456,-0.555941,-0.859126,-0.544748,-0.001686,-0.57296,-0.632919,-0.082957,0.893111,-0.932404,-0.69519,-0.792239,-0.78709,-0.48522,-0.7344,-0.51777
9330184.14,0.365016,0.695962,-1.072572,-1.092066,-1.010063,-0.646733,-0.356685,-0.474254,-0.720948,0.381274,-0.919051,-1.53233,-0.92771,-0.50599,-0.37904,-0.94216,-1.19665
9330184.15,0.184828,1.535631,-0.767297,-0.197085,0.563145,-0.28848,-0.452795,-0.875609,0.403194,0.468649,-1.231498,-1.356385,-0.984377,0.56051,-0.17042,-1.46622,-0.82166
9330184.16,-0.098209,1.001426,-0.392242,-0.430025,0.452356,-0.502512,0.434576,0.041869,0.37667,-0.332983,-1.060474,-1.102664,-0.782127,0.45252,0.31593,-1.06924,-0.84406
9330185.05,-0.639021,3.306779,0.889592,0.979877,1.626723,-0.702735,1.12218,1.053494,0.80795,-0.830951,-0.827155,-0.373096,-0.706588,1.93332,0.82764,-0.66537,-0.46215
9330185.07,-0.001559,0.85909,-0.404681,-0.442285,0.363725,-0.31549,-0.167014,-0.886918,0.742278,0.518048,-1.173401,0.372787,-0.690195,0.65389,-0.28535,-0.99668,-0.18495
9330185.08,2.832875,-0.103777,-1.116401,-0.908166,-1.032221,0.894876,-1.252078,-1.604171,-0.610453,1.079386,-1.149667,-0.109136,0.200856,-0.91695,-0.82748,-1.21485,0.89919
9330185.09,-0.676497,0.307365,-0.101544,0.023595,0.740408,-0.988442,0.924964,-0.142595,0.902807,-0.500813,-0.355876,0.417254,-0.930913,0.58123,0.49338,-0.33487,-0.78358
9330185.1,-0.474084,1.42252,0.332686,-0.025445,1.294355,-0.586215,1.89012,-0.727603,2.163932,-1.505542,-1.182895,-0.388553,-0.984377,0.85739,1.66873,-1.32622,-0.70065
9330185.11,-0.520487,0.748847,0.417292,0.158456,1.737513,-0.747796,1.247273,-0.075132,1.452755,-1.094752,-0.691114,-1.034253,-0.903299,0.83788,1.14777,-0.91728,-0.98509
9330185.12,-0.183917,1.977216,-0.323831,-0.957206,0.385882,-0.536859,0.959422,-0.955352,1.610418,-1.084825,-1.071401,-0.429458,-0.681412,0.62643,0.90961,-1.40099,-0.54235
9330185.15,-0.587689,-0.049294,0.248707,-0.307425,1.737513,-0.626319,1.099709,-0.980533,2.130175,-1.411875,-0.855142,-0.742013,-0.837986,0.53085,1.30482,-1.13757,-0.8773
9330185.16,-0.359424,1.004272,0.546124,-0.123525,1.161408,-0.629853,2.446318,-0.399895,2.292198,-1.907812,-1.260428,-0.948819,-0.76652,0.59449,2.11453,-1.37241,-0.78447
9330185.17,0.526668,-0.63144,-0.917331,-0.552625,0.031356,-0.355602,-1.271123,-1.250492,-0.214836,1.19448,-0.578477,-0.546081,-0.914509,-0.30144,-0.94804,-0.70668,-0.70328
9330185.18,0.791324,-0.431749,-0.308658,-0.675226,-0.101591,0.144579,-0.010278,-0.689941,0.486043,0.296621,-1.347966,-1.527878,-0.792987,-0.40188,0.19915,-1.32495,-0.59158
9330185.19,-0.422752,0.820497,-0.280372,0.415916,0.585303,-0.730758,0.45486,0.057182,1.106793,-0.481581,-0.965465,-1.423571,-0.984377,0.57267,0.69903,-1.09641,-1.10111
9330185.2,-0.402232,1.31765,0.312921,-0.503585,0.961987,-0.554017,0.838688,-0.522323,1.828513,-0.689058,-1.361327,-1.868869,-0.984377,0.70804,1.01447,-1.59391,-1.0707
9330185.21,-0.877019,0.482399,0.265065,1.077957,2.269301,-0.793672,2.63244,0.176518,1.430148,-1.789528,-0.091024,-1.034253,-0.984377,0.72362,2.03869,-0.59594,-1.24701
9330185.22,-0.578049,2.403098,1.121142,0.354616,2.335775,-0.331842,3.619299,-0.542789,2.989864,-2.179229,-1.319718,-1.123676,-0.984377,1.33453,2.87149,-1.72715,-0.72091
9330186.01,-0.347676,-0.642307,0.117283,-0.258385,0.740408,-0.616635,0.290175,0.249599,0.124955,0.085649,-0.800768,-0.34881,0.378842,0.38457,-0.10523,-0.30937,-0.20665
9330186.02,-0.598817,3.086435,0.402948,0.992137,0.984145,-0.596101,-0.423571,0.338568,0.11959,0.464093,-0.206363,0.408378,0.965921,1.82966,-0.51769,-0.03279,0.57817
9330186.05,-0.756408,0.582067,0.817322,0.563036,1.56025,-0.830837,0.722306,0.064933,1.320837,-0.656431,-0.585223,-0.634577,-0.666854,0.9641,0.77993,-0.49787,-0.76509
9330186.06,-0.405486,1.687761,0.510013,-0.662966,1.538092,-0.582368,0.996919,-0.850467,2.026687,-0.865873,-1.15553,0.060197,-0.665356,1.23896,0.83009,-1.24574,-0.32221
9330186.07,-0.20236,0.123557,0.545701,-0.417765,1.227882,-0.41408,1.489811,-0.629204,1.902298,-0.985437,-1.162669,-0.858088,-0.920773,0.42212,1.31541,-1.2216,-0.74366
9330186.08,-0.541472,0.138148,0.272217,0.415916,0.696093,-0.773461,1.22955,0.552272,1.062187,-0.865557,-0.743541,-0.420361,-0.340743,0.58022,0.94249,-0.50493,-0.56935
9330187.03,-0.076914,0.744588,-0.078244,-0.748786,0.319409,-0.520005,0.687241,0.231061,0.475479,-0.324801,-0.902356,-0.388098,-0.715207,0.45993,0.27859,-0.78987,-0.58877
9330187.04,-0.588495,4.656973,0.131949,-0.258385,2.734617,-0.661064,1.212054,-0.080856,1.306475,-1.482778,-1.270906,0.407358,-0.984377,2.57988,0.78692,-1.51148,-0.3534
9330187.05,-0.433291,1.320949,0.589094,0.256536,1.338671,-0.387179,0.638217,-0.261434,1.615826,-1.195324,-1.260428,-0.645348,-0.872004,0.99072,1.06254,-1.12683,-0.58138
9330187.06,-0.279265,-1.094732,-0.33005,-0.393245,0.673935,-0.390558,-0.273573,-0.560286,-0.159652,0.460543,0.163497,-0.960375,-0.896122,-0.32609,-0.27444,-0.16158,-1.06743
9330187.07,0.852419,-0.633326,-0.955851,-1.361787,-0.677695,-0.007596,-0.629643,-0.78037,-0.264425,0.054131,-1.013732,-1.868869,-0.984377,-0.96111,-0.13936,-1.19312,-1.01976
9330187.11,-0.227499,0.458844,-1.117943,-0.000925,-0.389643,-0.874644,1.24544,-0.018023,-0.208802,-0.796768,-0.65124,-1.069768,-0.816184,-0.31667,0.78522,-0.70277,-1.26777
9330187.12,-0.392499,0.932388,-0.617338,-0.246125,1.205724,-0.68146,-0.516,-0.42845,0.131294,0.607779,-0.133494,-0.292705,-0.940302,0.82994,-0.61615,-0.54243,-0.8235
9330187.13,-0.252452,0.769629,0.109441,-0.356465,0.385882,-0.369306,-0.069827,0.423922,0.004046,0.614568,-0.923109,-0.620511,-0.721625,0.66613,-0.35577,-0.62748,-0.57088
9330187.14,-0.631365,-0.376762,-1.274289,-0.111265,0.939829,-1.172004,0.393456,0.082556,-0.18322,-0.466074,0.364785,-0.945183,-0.984377,0.04645,0.11169,-0.26121,-1.55517
9330187.15,-0.467822,-0.510406,-0.676323,0.219756,0.895513,-0.622029,0.32993,0.405773,0.225718,-1.085885,-0.872763,-1.373758,-0.984377,0.1132,0.64287,-0.81161,-1.29541
9330187.16,0.343721,0.395195,-0.917225,-1.226926,-0.699853,-0.491384,0.19705,-0.273786,-0.353946,-0.227965,-0.805924,-0.598801,-0.884131,-0.38464,-0.03428,-0.79138,-0.84822
9330188.01,0.720866,-0.479295,-1.076356,0.268796,-0.965748,0.194502,0.405824,-0.899308,0.343594,0.081266,-1.237624,-0.510191,-0.984377,-0.72898,0.52819,-1.11169,-0.46934
9330188.02,-0.196161,1.397803,-0.434273,0.894057,0.119988,-0.053355,-0.047786,-0.441352,0.3719,0.261394,-1.337961,-1.105168,-0.984377,0.48326,0.29957,-1.1505,-0.69468
9330188.04,0.112728,0.73682,-0.396353,-0.405505,0.275093,-0.2701,-0.159403,-0.738126,0.007911,0.175286,-1.089855,-0.239039,-0.984377,0.24044,-0.14279,-0.87051,-0.59761
9330188.05,0.762217,-0.431749,-1.239808,-0.871386,-0.478275,0.211276,-0.679079,-0.358438,-0.31198,0.751986,-0.921221,-0.888615,-0.984377,-0.42016,-0.56095,-1.07012,-0.57587
9330188.06,0.580076,0.673966,-0.017992,-1.533427,0.297251,0.412211,-1.000085,-0.441352,-0.677246,1.294802,-0.614319,-1.868869,0.462305,0.06369,-1.03156,-0.81765,-0.02318
9330188.07,0.684971,-0.602232,-1.238516,0.244276,-0.854958,0.239578,0.435032,-1.252105,0.222594,-0.708574,-1.249352,-1.150552,-0.984377,-1.10096,0.94834,-1.23117,-0.76919
9330188.08,0.373912,0.360034,-1.117523,0.305576,-0.544748,-0.081656,0.238678,-1.181656,0.374037,-0.165234,-1.097201,-0.570577,-0.984377,-0.39338,0.50667,-1.12298,-0.64939
9330189.03,-0.44101,0.065719,-0.636749,-0.405505,0.51883,-0.711713,0.150714,0.815591,-0.771652,-0.027497,-0.896619,1.106384,0.808906,0.80874,-0.66316,-0.05763,0.31281
9330189.05,-0.969608,1.079184,0.34166,0.538516,1.582407,-1.12859,0.480304,0.999534,-0.04029,-0.542952,0.797795,-0.058574,-0.828502,1.05227,0.14246,0.46188,-0.99774
9330189.06,-0.582141,1.352941,-0.042427,0.489476,1.227882,-0.87049,-0.264256,1.009645,-0.203707,0.379536,-0.252498,0.841484,-0.259181,1.52902,-0.68498,0.04098,-0.14014
9330189.07,-0.657402,0.270207,-0.583794,-0.344205,0.031356,-1.16891,-0.05083,1.043677,-0.65714,0.593636,0.364785,0.527978,-0.795195,0.53785,-0.80124,0.37245,-0.84052
9330189.08,-1.250104,1.569974,1.721467,2.316219,1.693197,-1.390343,3.671921,3.224636,0.581218,-2.199166,0.65392,1.239886,-0.204525,1.71161,2.0882,1.13301,-0.30387
9330189.09,-0.143217,0.800108,-0.80602,-0.099005,0.585303,-0.468714,-0.290124,-0.307331,0.165617,0.426525,-0.957964,-0.455406,-0.910001,0.61753,-0.32817,-0.95854,-0.70757
9330189.1,-0.683564,0.348371,-0.014075,0.685636,0.230777,-0.989406,2.087772,1.23706,0.029318,-1.161277,-0.693212,0.017847,-0.820054,0.37328,1.15491,-0.14175,-0.93285
9330190.01,-1.063717,0.744899,0.735449,0.771456,1.250039,-1.130638,0.727525,1.913605,-0.335708,-0.625043,0.616283,0.213953,-0.600787,1.08381,0.18964,0.77729,-0.79691
9330190.03,-0.928351,2.682827,1.200498,0.722416,1.205724,-0.876218,0.830935,1.345819,-0.199233,-0.437064,-0.252498,1.981748,-0.048144,1.94407,-0.02792,0.58274,0.32841
9330190.04,-0.349753,2.042014,-0.269921,-0.123525,0.474514,-0.643888,-0.935074,0.692959,-0.548616,0.808049,-0.548823,0.083057,0.531472,1.35807,-1.13361,-0.25777,0.1653
9330190.05,-0.842364,0.019932,0.782624,0.575296,1.582407,-0.648658,0.628887,2.47732,-0.175295,0.135177,-0.252498,0.565429,1.065089,1.61625,-0.34904,0.47101,0.47351
9330191.03,-0.497177,1.10928,0.36721,-0.282905,1.936933,-0.558843,0.814223,0.312726,0.619802,0.151696,-0.88686,0.25729,0.552723,1.56433,-0.09613,-0.60688,0.23981
9330191.04,-1.139505,0.734844,1.10025,1.225077,1.13925,-1.169933,1.022039,0.556971,0.08272,-0.899036,1.310569,-0.081545,-0.749257,0.48192,0.80512,1.05349,-1.06699
9330191.05,-0.576561,1.638159,0.657886,0.612076,1.604565,-0.631637,-0.483568,1.185888,0.01278,0.448889,-0.596618,1.459032,1.142917,2.11313,-0.89478,0.1786,0.96775
9330191.06,-1.175865,-0.377763,0.855327,1.237337,1.981249,-1.131628,0.684488,2.468933,-0.071649,-1.526936,0.677899,2.215801,-0.333064,1.45572,0.27679,1.30397,-0.10552
9330191.07,-1.263402,1.267796,2.162773,1.838078,0.961987,-1.153123,2.140112,2.375151,-0.408755,-0.540433,1.498837,-0.59534,-0.449734,0.82648,1.08347,1.55743,-0.9625
9330192,-0.899771,1.029639,0.053535,0.992137,1.671039,-0.744213,0.128619,0.926352,-0.388715,0.577799,-0.469994,-0.088952,0.399013,1.50373,-0.47866,-0.05473,-0.1507
9330200,0.082196,0.126867,-0.335233,-0.981726,-0.478275,-0.446496,0.157976,-0.672239,0.079539,0.117482,-0.907069,-0.523599,-0.404594,-0.25141,-0.04107,-0.68946,-0.54236
9330201,-0.359672,0.402123,0.294114,-0.405505,0.252935,-0.126439,0.371983,-0.024644,-0.269333,0.40398,-0.078049,1.004401,1.333871,0.51244,-0.42788,0.33559,0.84613
9330202,-0.685486,-0.229802,0.176964,0.084895,-0.123749,-0.964146,0.825362,0.071584,-0.635061,-0.857288,0.957417,0.913186,-0.751483,-0.37638,0.37789,1.0258,-0.83046
9330203,0.202404,-0.009264,-0.259642,-0.810086,-0.389643,-0.155025,-0.620629,-0.381327,-0.687631,0.973458,-0.334592,0.385111,2.898822,0.17401,-1.1392,0.16483,1.46414
9330204.01,-0.980674,1.883221,1.606198,0.195236,0.186462,-1.012422,0.035668,1.41078,-0.724701,0.376667,1.751434,-0.09847,-0.172575,0.75416,-0.41876,1.50624,-0.56186
9330204.02,-1.005503,0.437842,2.094373,0.697896,0.452356,-0.641371,-0.142882,1.398506,-0.637988,0.168836,1.572511,2.048392,0.73529,0.8525,-0.56224,2.15568,0.65425
9330205.01,-1.167434,1.764014,1.957082,1.396717,0.607461,-0.780563,1.054499,1.162503,-0.803921,-0.447507,1.912099,2.304214,1.100048,1.01778,0.13849,2.3096,0.75967
9330205.02,-1.173509,1.427057,1.079624,1.359937,2.424407,-0.951245,0.119167,-0.227353,-0.378671,0.358926,2.426005,-0.316094,0.026738,0.98387,-0.16526,1.40789,-0.68764
9330206,-0.816109,0.119327,0.407607,0.072635,-0.655538,-1.05327,0.705645,-0.139401,-0.497888,-0.810953,0.484066,-0.821859,-0.499557,-0.66158,0.63724,0.60179,-1.23667
9330207,-1.208939,0.895258,1.483725,0.759196,-0.168064,-1.22428,-0.251577,1.009645,-0.716965,0.128221,0.844041,0.290742,0.552723,0.54482,-0.36579,1.45891,-0.2591
9330208,0.054887,-0.1046,0.524311,-0.466805,-0.411801,-0.063282,-0.515765,-0.505495,-0.862033,0.753517,1.57565,0.55603,1.876171,-0.3868,-0.82326,1.30451,0.92467
9330209,0.111581,-0.286223,-0.504723,-0.932686,-0.478275,-0.565638,-0.452229,-0.240001,-0.746929,0.774545,0.19129,0.523458,0.517387,-0.16694,-0.9521,0.28464,0.08691
9330210,-0.625227,-0.804995,0.426165,-0.282905,-0.256696,-0.558142,0.005502,-0.000243,-0.808238,0.229902,0.653154,0.835907,1.647036,-0.19451,-0.53643,1.14002,0.55207
9330220,-0.345569,2.323884,0.181653,-0.258385,1.161408,-0.100731,0.122317,0.449611,0.432853,-0.019704,-0.37937,-0.246004,0.552723,1.43151,-0.15111,-0.56252,0.33601
9330221.01,1.343232,1.335698,-0.778238,-1.374047,-0.744169,0.25746,-1.15516,-0.644573,-0.579089,1.07853,-0.199834,-1.868869,3.864359,-0.04689,-1.14992,-0.67194,1.69091
9330221.03,0.666373,-0.624816,-0.907304,-1.043026,-0.367485,0.572933,0.648335,-0.658748,0.127646,-0.210109,-0.614319,-0.700406,1.912202,-0.56053,0.23354,-0.76056,0.91599
9330221.04,-0.342438,-0.193262,-0.095378,0.440436,0.696093,0.566587,0.430107,-0.247251,0.875084,-0.724321,-0.392058,-1.247346,0.412986,0.04626,0.85819,-0.65678,0.01313
9330222.01,-0.347087,0.278662,-0.401469,-0.000925,-0.168064,-0.243738,0.470007,0.099836,0.552547,-0.719471,-0.026451,-0.124054,0.342445,0.08309,0.48283,-0.1958,-0.03509
9330222.02,-0.541255,-0.468427,-0.895345,0.746936,-0.301012,-0.683476,0.995229,-0.637121,0.403749,-1.222979,0.041885,0.23391,-0.661407,-0.51108,1.03385,-0.05376,-0.81902
9330223.01,-0.418381,0.422914,0.309866,0.121676,-0.301012,-0.49042,1.899939,0.484445,0.203394,-1.349629,-0.56263,1.376862,-0.231512,0.14729,1.07245,0.15029,-0.00251
9330223.02,-0.795031,1.124645,0.992649,1.090217,1.294355,-0.172614,1.915155,1.465673,0.265872,-1.329081,-0.501029,0.565429,0.45419,1.16883,1.15388,0.15453,0.31288
9330224.01,-1.165698,1.068617,1.008278,1.568358,0.696093,-0.793781,2.035835,0.293788,0.640716,-1.624569,1.527781,0.902369,-0.381968,0.35612,1.58813,1.17228,-0.46838
9330224.02,-1.149238,0.6901,1.557393,2.769839,1.737513,0.051031,2.050928,0.366787,0.704596,-1.638563,1.630151,-0.2168,0.453937,0.44977,2.00524,1.1647,-0.02552
9330225.01,0.113689,0.585093,-0.373013,-0.491325,0.053514,0.461641,-0.45926,-0.332418,0.453703,0.228489,-0.74909,-0.289865,0.710587,0.37023,-0.25325,-0.75485,0.57596
9330225.02,-0.687098,-0.71242,0.276532,0.857277,-0.012959,-0.733146,1.023738,0.439611,0.493962,-1.043735,0.866493,-0.293413,-0.252096,-0.33028,1.01207,0.62593,-0.71696
9330226.02,0.039574,0.281431,0.410079,0.317836,-0.145906,0.563994,1.226224,-0.16907,0.623602,-0.775871,-0.742555,0.723285,0.778304,0.08866,0.92745,-0.24945,0.88703
9330226.03,-1.155035,1.348663,0.830611,2.402039,0.651777,-0.808683,2.326238,0.260011,1.654894,-2.65299,0.460806,0.821671,-0.67089,0.58,2.47772,0.42849,-0.5039
9330226.04,-1.296197,3.074306,2.153777,2.402039,0.540988,-0.929498,3.025149,0.93783,0.407853,-2.628959,1.591682,-0.192795,-0.080939,0.54669,2.62579,1.38043,-0.62829
9330227.01,-1.393002,1.166206,3.099016,1.923898,0.784724,-0.86424,5.372867,2.319031,0.490674,-5.326345,0.930724,0.971145,0.108672,0.04989,4.31764,1.78129,-0.37935
9330227.02,-1.168054,1.009786,1.044516,1.899378,0.961987,-0.946548,1.73007,0.172043,0.817531,-1.907501,1.319177,2.186869,-0.638597,0.66961,1.49127,1.30441,-0.22719
9330228.02,-0.106206,1.839628,-0.318392,-0.025445,0.629619,0.40832,-0.033417,-0.092602,0.323964,0.647616,-0.767988,-0.402179,1.665351,1.12678,-0.36522,-0.80049,1.03975
9330228.03,-1.225864,0.718494,1.582365,2.193619,0.673935,-0.692266,2.28727,0.783516,1.374304,-3.318076,0.623806,1.774145,-0.643588,0.47259,2.54597,1.06228,-0.2114
9330228.04,-0.981015,0.212083,0.29474,1.004397,0.917671,-0.742598,1.26047,0.734735,0.357524,-1.140065,1.232351,0.88694,-0.273953,0.47636,0.82776,0.90249,-0.39632
9330229,-0.327125,-0.254926,0.103116,0.182976,0.341567,-0.077868,-0.196318,0.435214,0.183553,-0.0244,-0.044643,1.276173,0.507844,0.5489,-0.30021,0.31457,0.60449
9330230.01,0.71352,-0.065521,-1.157046,-0.405505,-0.544748,0.069107,-0.582674,-0.425208,-0.286407,0.684341,-0.329086,-0.366989,-0.338007,-0.31406,-0.52574,-0.61473,-0.16955
9330230.02,-0.683254,0.696177,1.184819,0.906317,0.851198,0.049698,0.175432,0.544311,-0.238919,0.092818,0.552653,-0.978766,-0.354209,0.38768,0.27005,0.48328,-0.48257
9330231,0.786829,0.323115,-0.867037,-0.086745,-0.433959,0.71771,-0.112804,-0.724013,0.046148,-0.430225,-0.732949,-1.10588,0.318443,-0.50733,0.41195,-0.96868,0.1913
9330232,0.485038,-0.713598,-0.221885,-0.466805,-0.478275,0.571017,-0.769396,-0.715865,-0.086396,0.593218,-0.831522,0.279041,0.040356,-0.34696,-0.47967,-0.42688,0.41855
9330233,-0.274615,-0.276308,0.162884,-0.135785,0.230777,0.120231,-0.111167,0.655449,0.247012,-0.079577,-0.95841,-0.903729,0.600122,0.32556,0.02618,-0.51738,0.12216
9330234,-0.105029,-0.630795,-0.397516,0.207496,-0.278854,0.044992,-0.21819,0.648089,-0.229864,0.372407,-0.696551,-0.009951,0.437701,0.12375,-0.3207,-0.19587,0.23125
9330235.02,-0.152827,-0.916207,-0.533716,-0.724266,-0.63338,-0.663018,-0.181271,0.640799,-0.423385,-0.473103,-0.146504,-0.048318,-0.168064,-0.38635,-0.19274,0.10592,-0.52462
9330235.03,-1.477067,1.245316,1.491227,2.573679,1.648881,-1.153384,1.083993,0.424994,0.191096,-2.246187,1.99259,-0.48724,-0.790509,0.40764,1.71366,1.48179,-1.31089
9330235.04,-0.784368,1.205449,0.44732,0.587556,-0.079433,-1.015944,0.449809,0.369377,-0.062594,-0.785606,0.949548,0.24222,-0.96371,0.20449,0.46659,0.74371,-0.94563
9330236,0.851737,-1.593215,-0.936141,-1.153366,-0.433959,1.19943,-0.925227,-1.321162,-0.262242,0.607096,-0.997604,-0.420361,-0.171366,-0.97208,-0.49191,-0.9307,0.25879
9330237,-0.317454,0.431611,0.133223,0.170716,0.009199,-0.025033,0.120854,0.072018,-0.047395,-0.113013,0.26068,0.836835,-0.530893,0.19824,0.01997,0.30428,-0.06325
9330238.01,-0.202856,-0.94075,-0.663783,-0.356465,-0.012959,0.108525,0.166496,-0.6158,0.128435,-0.101343,-0.474228,-0.745347,0.316246,-0.44098,0.1702,-0.49215,-0.20003
9330238.02,-0.015973,-0.636776,0.12757,-0.062225,-0.057275,0.542106,0.311282,-0.127523,0.152563,-0.224781,-0.65124,-0.096619,0.209362,-0.22405,0.33445,-0.28832,0.26631
9330239,-0.427123,-0.818235,0.244646,0.035855,-0.301012,-0.214271,-0.32525,0.028422,-0.027146,-0.03612,-0.173074,-0.72941,0.294722,-0.32537,0.00336,0.11958,-0.27118
9330240.01,-0.493178,-0.849389,-0.471714,0.293316,-0.433959,-0.394584,0.297354,-0.14744,0.037523,-0.212178,-0.004068,-0.688162,-0.249143,-0.52278,0.35063,-0.01782,-0.70196
9330240.02,-0.446682,-1.087875,0.101048,-0.258385,0.673935,0.097408,-0.758018,0.262309,0.45071,0.672426,-0.404891,0.187286,0.593662,0.50915,-0.67396,-0.11708,0.40632
9330241,-0.081564,-0.743971,0.009906,-0.393245,-0.234538,0.285887,-0.780049,-0.133225,-0.223303,0.575199,-0.074628,-0.388553,1.16186,-0.18634,-0.58806,0.08878,0.52333
9330242,-0.312494,0.340555,0.103475,0.612076,0.230777,0.500321,-0.317971,0.017311,-0.128018,0.363471,-0.132515,0.745592,0.878133,0.48019,-0.30473,0.18992,0.86168
9330243.01,-0.00531,-0.465207,0.275627,0.330096,-0.145906,0.600203,-0.605857,0.094939,0.016156,0.080723,-0.65124,0.131924,-0.170206,-0.02433,-0.0811,-0.14581,0.26568
9330243.02,-0.003481,-0.521657,0.310963,0.366876,-0.965748,-0.189872,0.18975,0.337162,-0.459907,-0.281313,-0.641655,-0.946909,-0.984377,-0.71073,0.46779,-0.06981,-0.88564
9330250.01,0,0,0,0,0,0,0,-1.447591,-1.045577,0,0.029305,0,0,-0.65782,-0.02835,0.25591,-0.24302
9330250.02,2.76341,-0.897458,-1.123374,-1.521167,-1.298116,1.648294,-1.086055,-1.871459,-0.959402,0.8407,-1.04423,-0.363118,-0.730835,-1.66882,-0.57858,-1.21679,0.4923
9330251,-0.011741,-3.141835,-1.623646,-0.009286,-0.01053,-0.689796,-1.560615,1.516342,-1.105144,2.565281,-1.648094,-1.868869,-0.984377,-0.05534,-1.81935,-0.92492,-1.34437
9330260.04,0.313839,-0.148065,-0.075337,-0.810086,-0.52259,-0.268547,-0.184867,0.113877,-0.816521,0.575306,-0.65124,0.179175,-0.306245,-0.17146,-0.59998,-0.11121,-0.18793
9330260.05,0.179032,1.933315,-0.157625,-1.263706,-0.500432,-0.424318,-1.145346,0.218192,-0.888349,1.221719,0.074864,-0.52801,0.406572,0.51226,-1.36895,-0.09499,0.00899
9330260.06,1.27882,-0.100653,-1.403959,-0.957206,-1.076537,0.264386,-0.421754,-1.410093,-0.801667,0.460233,-0.52034,-0.223146,-0.615039,-1.03915,-0.39537,-0.74841,-0.24665
9330260.07,-0.070559,0.347865,-0.576313,-0.846866,-0.478275,-0.735194,-0.4291,0.473142,-0.630099,0.630011,0.584859,0.51289,-0.984377,0.07254,-0.85535,0.30595,-0.67985
9330260.08,1.627324,-0.735978,-1.227092,-0.405505,-1.475379,0.078023,0.598119,-1.606734,-0.482737,-0.485756,-1.000652,-1.373758,-0.984377,-1.80676,0.80979,-1.09348,-0.8555
9330260.09,-0.452944,-0.741205,0.266994,0.440436,-0.411801,-0.642774,-0.571212,0.422337,-0.825239,0.676878,0.261669,0.227656,0.398277,-0.10733,-0.6651,0.8022,-0.1277
9330260.1,-0.2213,-0.68582,0.2934,0.146196,-1.143011,-0.89095,0.475649,-0.058528,-0.38962,-0.723068,0.049252,-1.542483,-0.984377,-1.16329,0.77261,0.22725,-1.50555
9330270,0,0,0,0,0,0,0,-0.012781,0.028901,0,0.066563,0,0,-0.00866,0.00627,0.02105,-0.00055
9330280,0.661568,-0.758095,-1.135453,-0.074485,-0.722011,-0.08761,-0.783695,-0.979887,-0.507726,0.049405,-1.059589,-0.634577,-0.984377,-0.83691,-0.15648,-0.7958,-0.73613
9330281.01,0.694333,-0.310072,-0.818999,-1.251446,-0.722011,-0.020758,-0.719149,-1.030802,-0.522411,0.96832,-0.91357,-0.547393,-0.691596,-0.58883,-0.75148,-0.80943,-0.46798
9330281.02,-0.236179,-0.604433,-0.345139,-0.479065,0.075672,-0.488009,-0.678809,-0.014588,-0.656145,0.675013,-0.349865,-0.136485,0.073954,0.02475,-0.82274,-0.00516,-0.31247
9330282.01,-0.29309,-0.408183,0.115417,-0.662966,-0.256696,-0.36598,-0.137676,0.671847,-0.250333,0.02154,-0.165273,0.246452,0.84525,0.13712,-0.41475,0.2513,0.27879
9330282.02,-0.528546,0.241599,-0.193477,-0.331945,0.252935,-0.827594,0.245314,1.431183,-0.519372,0.303379,0.472664,0.893257,-0.262072,0.69375,-0.61446,0.53882,-0.27581
9330283,-0.628141,-0.137583,0.808266,0.612076,-0.101591,-0.353449,1.064376,0.335319,0.009569,-1.454444,0.276866,0.157095,0.157894,-0.2769,1.07649,0.65612,-0.22231
9330284.01,-0.573337,1.657052,0.929563,0.967617,0.230777,-0.397569,1.239248,0.891196,0.119287,-1.277135,0.007698,0.269836,-0.32562,0.59085,1.05718,0.33791,-0.22936
9330284.02,-0.100007,0.971497,-0.054638,-0.295165,-0.323169,-0.213606,-0.330114,0.078236,-0.401104,0.148021,-0.225831,0.14374,0.04439,0.24892,-0.36716,-0.02601,-0.00097
9330285.01,-1.193689,-0.259084,1.660917,1.408977,0.607461,-0.989183,0.539852,2.23,-0.21325,-1.071854,2.123786,1.542064,-0.415421,0.55913,0.40185,2.21832,-0.31912
9330285.02,0.894855,-1.03197,-0.828131,-1.055286,-0.589064,0.126841,-1.082953,-0.872373,-0.598085,0.894475,-0.632312,-1.070739,0.342736,-0.7832,-0.82202,-0.63637,-0.07053
9330286.01,0.216725,0.022179,-0.911603,-0.552625,-0.101591,-0.052628,-0.628336,-0.725681,-0.649361,0.705665,-0.781264,0.088608,0.457644,0.00076,-0.79192,-0.49307,0.18387
9330286.02,0.392573,-0.17986,-0.864554,-0.822346,-0.456117,-0.381445,-0.645008,-0.132974,-0.528331,0.707258,-0.814247,0.175941,-0.676957,-0.06104,-0.81665,-0.52834,-0.3896
9330286.03,0.940452,-0.263072,-1.021626,-1.239186,-0.677695,-0.023058,-1.193344,-1.160163,-0.958524,1.137867,-0.555888,-0.843902,-0.056724,-0.69609,-1.07763,-0.64422,-0.26436
9330287.01,0.016698,0.085542,-0.385727,-0.613926,-0.566906,-0.3408,0.024204,0.240442,-0.181948,-0.188454,-0.62192,0.285564,-0.931144,-0.08316,-0.08813,-0.31094,-0.51703
9330287.02,0.493221,-0.849604,-1.266554,-0.834606,-0.854958,0.134283,-0.35811,-0.880199,-0.585084,0.614568,-0.674422,-0.908489,-0.832356,-0.94278,-0.34999,-0.76922,-0.7319
9330287.06,-0.595129,-0.691438,0.332189,0.563036,0.806882,-0.331453,0.618749,0.551709,0.132176,-0.297322,0.552653,-0.307244,-0.887704,0.06245,0.44357,0.35753,-0.80874
9330287.09,-1.010928,0.748103,0.659316,2.120058,0.275093,-0.970953,1.647163,2.588202,0.642855,-1.878019,1.191781,-0.462079,-0.984377,0.5619,1.66189,0.84386,-1.07263
9330287.1,0.711443,0.437199,-1.137166,-0.307425,-1.010063,0.164735,-0.3683,-1.150485,-0.014329,-0.064669,-1.111326,-0.673074,-0.984377,-0.63496,0.1454,-1.12623,-0.53992
9330287.11,0.354694,-0.544482,-0.76695,-0.859126,-0.655538,-0.323372,-0.8729,0.007546,-0.414355,0.262824,-0.461837,-0.707045,-0.984377,-0.47434,-0.52997,-0.4726,-0.82775
9330287.12,0.188765,-0.147571,-0.995402,0.894057,-0.854958,0.087349,0.028061,-0.383773,0.054617,-0.004625,-0.839053,0.676538,-0.984377,-0.26823,0.23655,-0.48316,-0.22608
9330287.13,-0.198486,0.65411,-0.530075,1.139257,-0.63338,-0.10105,1.201323,-0.042726,0.471575,-1.375169,-1.02506,-1.437702,-0.984377,-0.4068,1.59472,-0.90264,-1.00541
9330287.14,0.547932,-0.263072,-1.016433,0.563036,-0.987906,0.212577,-0.330511,-1.218671,0.166686,-0.035359,-1.074561,-1.015976,-0.984377,-0.8451,0.4345,-1.01371,-0.65995
9330287.15,-0.518441,0.310827,-0.730522,0.661116,0.053514,-0.772385,0.076044,0.298953,-0.101323,0.244168,0.616689,0.453764,-0.984377,0.28343,-0.17102,0.27542,-0.77455
9330287.16,-1.015268,0.565225,-0.656342,1.985198,0.82904,-1.093956,1.267388,0.074693,0.498102,-0.856508,0.406533,0.622041,-0.984377,0.56869,0.96335,0.19881,-0.95157
9330290.02,-0.792551,-1.116053,-0.020199,-0.148045,-0.012959,-1.165804,-0.130424,2.16372,-0.649361,0.219697,2.131644,-0.02877,-0.774313,-0.0114,-0.59211,1.45449,-1.11054
9330290.03,-0.103355,0.466428,-0.37288,-0.626186,-0.012959,-0.565509,-0.640684,0.543539,-0.813078,0.832491,-0.62192,-0.077593,-0.520347,0.44985,-0.97372,-0.24335,-0.48388
9330290.04,0.973154,0.128851,-1.309175,-0.957206,-1.010063,-0.284838,-0.614321,-1.214632,-0.619256,0.784105,-0.837748,-0.5143,-0.984377,-0.70863,-0.60635,-0.91127,-0.69106
9330290.05,0.059413,-0.166055,-0.624661,-0.307425,-0.566906,-0.503365,-1.145591,-0.55651,-0.835909,1.305746,-0.961735,-0.975939,-0.608492,-0.23835,-0.99005,-0.53529,-0.80449
9330291.01,-0.588216,0.04113,0.077773,0.256536,0.297251,-0.745537,-0.0523,1.074177,-0.446102,0.155268,0.508736,-0.173338,-0.321614,0.37519,-0.30815,0.49802,-0.61087
9330291.02,-0.16411,-0.628794,-0.358462,-0.773306,-0.190222,-0.722569,-0.269314,0.604067,-0.623739,0.387705,-0.375381,0.829181,-0.198081,0.16163,-0.7879,0.16188,-0.2208
9330292.01,0.485968,-0.45692,-1.033148,-0.736526,-0.677695,-0.455998,-1.346666,-0.454147,-0.883277,1.291528,-0.804602,-0.335665,-0.797547,-0.31118,-1.24246,-0.5325,-0.64345
9330292.03,0.068092,0.074701,-0.740277,-0.344205,-0.52259,-0.398926,-0.286221,-0.416209,-0.443763,0.650538,-0.569025,-0.096322,-0.820221,-0.17616,-0.46798,-0.40552,-0.62546
9330292.04,0.076492,-1.291045,-0.658069,-0.675226,-0.52259,-0.650744,-0.813836,-0.445762,-0.795095,0.986384,-0.91357,0.217672,-0.237786,-0.36867,-1.01324,-0.1942,-0.41398
9330400.02,0.248714,-1.178975,-1.237215,-0.601666,-0.301012,-0.05056,-1.007576,-1.027527,-1.03139,1.009297,-0.360894,0.302262,0.220377,-0.54522,-1.0983,-0.15097,-0.01147
9330400.04,0.459031,0.617822,-0.680643,-1.030766,-0.810643,-0.322071,-0.977129,-0.407738,-0.966118,1.070297,-0.639229,-1.081302,-0.608558,-0.3015,-0.95846,-0.59365,-0.70172
9330400.05,0.280083,-1.176278,-0.986001,-1.104326,-0.52259,-0.672992,-0.873129,0.065717,-0.943015,1.116593,-0.784839,-1.525204,-0.940976,-0.57776,-0.9815,-0.63701,-1.26537
9330400.06,0.300759,0.418362,-0.908748,-0.822346,-0.389643,-0.575374,-0.681283,-0.585429,-0.905071,1.038772,0.149264,-1.38201,-0.856285,-0.42146,-0.7988,-0.37304,-1.13076
9330401.01,-0.774449,0.670154,0.39571,0.207496,1.072776,-0.755605,-1.379193,0.776638,-0.986533,1.423317,1.280934,1.260943,0.40926,1.19244,-1.72884,1.24931,0.21623
9330401.02,-1.006836,0.275534,0.147219,0.232016,1.56025,-1.018455,-1.096123,1.111995,-0.928065,1.011723,1.373299,0.721516,-0.716327,1.13623,-1.41844,1.0889,-0.70172
9330402.02,-0.240456,0.00355,-0.865421,-0.712006,-0.057275,-0.798023,-1.280907,0.757122,-1.006302,1.383655,-0.21818,-0.038379,-0.26198,0.50361,-1.60133,-0.04012,-0.49487
9330402.03,-0.843356,-0.197544,0.339711,0.317836,1.493776,-1.025282,-1.016498,1.99074,-0.903663,1.024936,1.347886,0.991006,-0.583083,1.26245,-1.47334,1.25127,-0.4741
9330402.04,-0.233358,0.748354,-0.445147,-0.797826,0.363725,-0.737688,-1.474194,0.070189,-0.955642,1.403305,-0.043159,-0.116174,-0.412433,0.63165,-1.61157,-0.02961,-0.53555
9330403.01,-0.352047,1.217245,-0.617759,-0.405505,0.319409,-0.842039,-1.471116,0.936092,-1.027804,1.298226,-0.14085,0.773384,-0.134724,1.19226,-1.7735,0.12759,-0.1146
9330403.03,-0.156701,-0.88129,-0.737846,-0.650706,-0.323169,-0.783857,-1.15559,1.080899,-0.95777,1.225772,0.115571,0.944098,-0.027959,0.32037,-1.59766,0.45391,-0.10405
9330403.04,0.204667,0.021539,-1.076356,-1.263706,-0.544748,-0.682603,-1.352873,0.235259,-0.94809,1.372616,-0.158413,-0.60664,0.062564,0.04371,-1.55523,-0.26544,-0.43064
9330403.05,0.38876,-0.814286,-0.925982,-1.361787,-0.500432,-0.536196,-1.300072,-0.207571,-0.879784,1.187251,-0.372549,-0.842264,-0.512934,-0.42884,-1.29607,-0.39354,-0.75688
9330404.01,0.094378,-0.862899,-1.048669,-1.079806,0.075672,-0.213743,-1.160269,-0.739502,-0.989622,1.221936,-0.689288,-0.422069,-0.275503,-0.24923,-1.27788,-0.49288,-0.48752
9330404.02,0.938406,-0.591166,-1.295617,-1.410827,-0.899274,-0.267492,-1.062712,-1.591749,-0.96231,0.874556,-0.501029,-0.763068,-0.597685,-1.0708,-0.90991,-0.66081,-0.69788
9330410.02,-0.440018,-0.5231,-0.232438,0.084895,0.385882,-0.80224,-0.562405,0.512381,-0.806874,0.852132,0.408573,-0.55663,-0.744205,0.0996,-0.76766,0.34833,-0.99815
9330410.04,-0.28782,-0.961654,-0.367158,-0.748786,0.939829,-0.389626,-0.686251,-0.79442,-0.358971,0.803027,-0.690332,1.322312,-0.984377,0.32479,-1.00611,-0.16776,-0.3617
9330410.05,-0.232428,-0.214772,-0.281052,-0.920426,-0.145906,-0.758851,-0.671883,0.46423,-0.907845,0.909474,0.2127,-0.759569,-0.734696,-0.07166,-0.96417,0.13205,-1.00168
9330410.06,0.424655,-0.637207,-1.21361,-0.846866,-0.877116,-0.549672,-1.180774,-0.811242,-0.973583,1.203692,-0.833996,-0.670918,-0.984377,-0.63914,-1.08923,-0.61142,-0.9623
9330500,-0.292439,0.130721,-0.435839,0.084895,0.851198,0.040222,-1.375687,-0.707861,-0.790689,1.108347,-0.171003,-0.112662,-0.269733,0.36676,-1.11419,-0.11413,-0.237
9330501.01,0.158015,-1.85811,-0.401598,-0.675226,0.09783,-0.193684,-1.218574,-1.116776,-0.910744,1.01629,0.194092,-1.119854,-0.199475,-0.946,-0.90648,0.07868,-0.73098
9330501.02,0.439162,-0.522229,-1.079221,-0.993986,-0.367485,0.145221,-1.252367,-1.604171,-1.029037,1.376937,-0.620661,-0.110057,-0.242051,-0.57236,-1.2308,-0.49906,-0.19665
9330501.03,-0.045204,-0.228668,-1.024653,-0.601666,-0.057275,-0.234995,-1.560615,-0.910471,-0.948885,1.517992,-0.590824,-0.39489,-0.417704,-0.05909,-1.42669,-0.44367,-0.50848
9330502.01,0.318086,0.786373,-1.34709,-1.055286,-0.21238,-0.616832,-1.560615,-0.814465,-1.064169,1.503928,-0.347115,0.630517,-0.622706,0.2831,-1.74576,-0.37227,-0.35586
9330502.02,-0.116963,1.051128,-0.74869,-0.859126,0.651777,-0.482207,-1.560615,-0.293291,-0.997688,1.307955,0.296589,-0.450831,-0.468705,0.55856,-1.56049,-0.14726,-0.59426
9330502.03,0.115487,-1.026646,-0.923147,-1.018506,-0.500432,-0.47448,-1.48927,-0.370847,-1.022862,1.406303,-0.574559,-0.382052,-0.800293,-0.38597,-1.43576,-0.29693,-0.78836
9330502.05,0.649634,-1.47409,-0.468255,-1.104326,-0.500432,0.585474,-1.340231,-0.481214,-0.991834,1.092259,-0.528171,0.934262,-0.021749,-0.52623,-1.29192,-0.00978,0.49265
9330502.06,0.972379,-2.10012,-1.2622,-1.459867,-0.766327,-0.048005,-1.560615,-1.270493,-0.929082,1.406834,-0.799421,-0.455406,-0.71993,-1.13958,-1.339,-0.63011,-0.55981
9330502.07,-0.002675,-1.135793,-0.964585,-0.957206,0.075672,-0.546463,-1.445444,-0.606082,-0.965951,1.417824,0.164812,-1.046008,-0.753451,-0.46637,-1.35928,-0.14813,-1.08021
9330503.01,0.478095,-1.468727,-1.113289,-1.337267,-0.94359,-0.505618,-1.222178,-1.492173,-1.023029,1.24503,-0.753481,-0.246004,-0.718705,-1.04472,-1.19949,-0.41997,-0.78315
9330503.03,0.083901,-0.265025,-0.944559,-0.920426,-0.433959,-0.576294,-1.211624,-0.371592,-1.03281,1.41024,-0.467994,-0.438098,-0.758056,-0.17893,-1.3483,-0.33244,-0.80328
9330503.06,-0.950018,-0.01356,0.066114,0.317836,0.71825,-1.248162,-0.693143,2.342946,-0.801376,0.641348,1.28383,0.255609,-0.872333,0.95307,-1.0671,1.08126,-0.95878
9330503.07,-1.53435,0.49325,1.687728,2.438819,4.99472,-1.308135,0.838803,2.964049,-0.086396,-0.205625,2.822173,-0.227133,-0.685911,2.46119,0.06925,1.7458,-1.03893
9330503.08,-1.087244,-1.214663,0.617198,0.599816,0.651777,-1.117707,-0.841517,1.552535,-0.848405,1.149614,1.061801,-0.595725,-0.731295,0.34477,-0.99799,1.14997,-1.17454
9330503.09,-0.962324,1.849402,-0.254293,0.501736,1.959091,-1.151796,-1.248558,1.763976,-0.946067,1.286169,1.006572,0.535376,-0.984377,2.03069,-1.6832,0.5934,-0.76637
9330504.03,0.511293,-0.802603,-0.990481,-1.128846,-0.877116,-0.523436,-1.173488,-0.893559,-1.025417,1.287474,-0.157652,-0.979524,-0.912382,-0.8964,-1.10984,-0.31582,-1.04043
9330504.05,0.317807,-1.115104,-0.820124,-1.006246,-0.544748,-0.616401,-0.72372,-0.075132,-0.823445,0.627047,0.144065,-1.231526,-0.984377,-0.81826,-0.68274,-0.15708,-1.23082
9330504.06,0.448399,-0.194946,-1.163848,-1.030766,-0.079433,-0.542824,-1.560615,-1.331027,-1.050621,1.530599,-0.069742,-1.272715,-0.817074,-0.50501,-1.37423,-0.51124,-1.07994
9330504.07,-0.290486,-0.928191,-1.385512,-0.932686,0.053514,-0.936618,-1.002309,0.702476,-0.88191,1.056937,0.174982,-1.199902,-0.984377,-0.08264,-1.2189,-0.23328,-1.40846
9330504.08,0.466812,-0.658585,-1.391091,-0.908166,-0.101591,-0.62457,-0.92462,-1.007051,-0.840487,0.920517,0.073745,-1.308903,-0.984377,-0.71162,-0.85754,-0.51097,-1.26714
9330504.09,0.634508,-0.896027,-1.168236,-0.981726,-0.699853,0.080522,-0.525019,-1.0074,-0.701292,0.887094,-1.102939,-1.868869,-0.894619,-1.00515,-0.42942,-1.12566,-1.02772
9330504.1,-0.494914,-0.372056,-1.075481,-0.111265,0.186462,-0.9452,-1.040172,0.352308,-0.97726,1.066423,0.57892,-0.282298,-0.984377,0.12223,-1.18642,0.26043,-1.15344
9330504.11,0.288763,-0.806992,-0.591169,-0.295165,-0.722011,-0.239071,-0.354674,0.068636,-0.687907,0.328976,-0.810736,-1.454521,-0.570123,-0.68806,-0.18782,-0.53252,-0.86475
9330504.12,0.393689,0.009983,-0.915576,-0.405505,-0.8328,-0.211446,0.703012,-0.629793,-0.465397,-0.500664,-1.001985,-1.868869,-0.864758,-0.97363,0.69175,-0.99644,-1.18835
9330504.13,-0.096969,-0.950702,-0.744072,-0.405505,-0.63338,-0.883271,-0.528723,0.05571,-0.775593,0.449607,1.912099,-1.868869,-0.984377,-1.13308,-0.36196,0.66031,-1.69017
9330505.01,0.358786,-0.92952,-0.717551,-1.067546,-0.877116,-0.242827,-1.560615,-0.518532,-1.073051,1.510319,0.053852,-1.38403,-0.193504,-0.81682,-1.31689,-0.12534,-0.6857
9330505.02,0.854465,-0.930204,-0.216949,-0.773306,-0.722011,0.255494,-1.049969,-0.925017,-0.804271,0.394433,-0.691435,-0.319183,-0.071087,-0.88826,-0.57209,-0.2735,-0.00782
9330506.01,-0.578979,1.077595,-0.580196,-0.062225,0.186462,-0.950044,-1.181467,1.766283,-0.853814,1.286489,0.221008,-0.352697,-0.665256,1.09965,-1.44721,0.13002,-0.76194
9330506.02,-0.404061,1.031697,-0.414744,-0.344205,0.51883,-0.729545,-1.303993,0.584913,-0.675374,0.990084,0.26983,0.556243,-0.717055,0.95105,-1.38741,0.18766,-0.45516
