,Z_HAI,Z_LU,Z_DR,Z_LI,Z_GT,Z_DAV,Z_I,Z_LP,Z_NL,Z_LA,Z_DMR,Z_1960C,FAC_1,FAC_2,FAC_3,SoRI
932001400,0.472166,-1.309281,-0.645239,-1.01536,-0.511485,0.544355,-1.14623,-0.979415,-0.839387,-0.416591,-0.457312,0.016932,-1.10601,-0.48114,0.1798,0.788675
932020600,-0.325176,-1.241108,-0.904154,-0.986545,0.071067,-0.671258,-1.262827,-0.468655,-1.005741,-0.448044,1.158217,-0.260762,-1.26256,0.05226,-0.74258,0.588814
932020700,0.204313,-0.398684,-0.603324,-1.51481,-0.28353,0.620188,-1.228839,-1.143663,-0.898313,-0.463165,0.536029,0.223686,-1.08552,-0.13658,0.29506,0.670823
933000101,-0.346792,1.103329,0.638962,-0.19895,0.147052,-0.481741,-0.275473,1.877646,-0.145087,-0.047325,0.511199,-0.973793,0.07698,0.50601,-0.80049,-0.304322
933000102,-0.318464,-0.036386,0.079693,0.454177,0.147052,-0.45637,0.298368,1.075257,0.350439,-0.241384,-0.081533,-1.066819,0.33926,-0.19732,-0.78078,-0.201641
933000201,-0.30815,-0.480282,0.30019,0.396548,-0.13156,-0.104352,-0.155808,-0.02086,0.141735,0.291204,0.237014,-0.647713,-0.09953,0.13823,-0.35461,-0.03227
933000202,-0.201607,-0.084041,-0.006088,0.223662,0.197709,0.429297,-0.159974,0.398278,0.709917,-0.367885,0.779683,-0.171713,0.34438,-0.01196,0.15681,-0.166387
933000301,-0.461093,-1.174981,0.185781,0.089194,0.932232,0.223553,0.627903,0.13652,1.189639,-0.940647,-0.516281,0.589446,0.80891,-0.65838,0.19002,-0.192117
933000302,-0.467107,-0.546242,0.387817,0.358129,1.717411,0.215473,1.429389,-0.023988,1.617589,-1.309522,-0.577407,0.972007,1.58629,-0.85574,0.42479,-0.521737
933000401,-0.30815,-0.214066,0.112563,0.482992,0.678948,0.351585,0.357052,-0.214951,1.578594,-0.041781,0.695436,0.343612,0.86476,-0.08953,0.42341,-0.393983
933000402,-0.534688,0.680969,0.545102,0.262081,1.616098,0.439288,1.138631,-0.677153,2.354472,-1.28609,-0.459558,0.717056,1.95241,-0.98717,0.61687,-0.654775
933000500,-1.115661,1.440169,2.860518,1.606756,-0.030246,-1.133172,2.721747,0.990163,-0.005369,2.697219,1.130641,0.102959,0.8926,2.32041,-0.36603,-1.32928
933000601,-0.198266,0.433187,-0.121634,1.510707,-0.232873,0.908454,0.341404,0.190455,0.87995,-0.816629,0.477833,1.008274,1.00815,-0.05272,1.10379,-0.410681
933000602,-0.088469,-0.001805,0.306337,0.876789,-0.384844,0.831575,1.11029,0.7602,1.042323,-0.537684,0.017047,0.49185,0.99501,-0.13976,0.79229,-0.407351
933000701,0.718751,-0.30142,-0.170142,0.156428,-0.967396,1.730369,-0.16059,-0.575183,0.165341,-0.321389,0.120344,1.158887,0.00303,-0.05108,1.66237,0.197226
933000702,2.119496,0.536654,-0.322279,0.079589,-1.448635,3.85017,0.383516,-0.540551,0.304348,-0.287789,-0.083055,1.599041,0.43388,-0.24777,3.31047,0.210217
933000801,0.389157,1.819817,-0.539699,-1.956632,-0.080903,-2.385196,0,2.109886,-0.784393,-0.836407,5.895176,-1.100308,-0.87166,1.58284,-1.32228,-0.217069
933000802,3.142649,-0.403925,-0.930469,-0.515909,-1.448635,3.182462,-0.30428,-0.857821,-0.583168,-0.530433,-0.401398,1.65011,-0.4267,-0.52537,3.08182,0.750215
933000900,1.17171,0.506503,0.799568,0.790346,-1.296665,1.745175,1.838403,-0.218184,0.032399,0.890309,-0.109828,1.148628,0.56596,0.54669,1.9598,-0.283926
933001001,0.183887,1.172205,0.253996,1.136119,-0.384844,1.424494,1.042174,0.430734,0.572162,0.383485,0.93282,0.308608,0.92131,0.47641,1.16118,-0.540247
933001002,0.510285,0.847401,0.548582,0.895999,-0.739441,2.702722,0.891413,0.038558,1.023796,0.172131,-1.094899,0.556528,1.14446,-0.28191,1.89516,-0.31936
933001100,-0.443602,0.142211,0.635058,0.406153,1.160187,0.437979,0.636753,0.297075,1.152939,-0.268314,-0.469031,0.656369,1.11417,-0.18507,0.3998,-0.499369
933001200,-0.245625,-0.21465,0.240065,0.021961,0.425664,0.557888,0.52706,0.087115,0.326751,-0.504749,-0.297501,1.270083,0.51564,-0.06654,0.72397,-0.178978
933001301,-0.479891,1.351604,0.179058,0.521411,1.388142,0.201439,0.531348,0.31786,1.67446,-0.872404,-0.500273,0.257962,1.62685,-0.65747,0.19859,-0.637111
933001302,-0.502089,0.61364,0.311575,0.828765,1.666754,0.379768,0.956171,0.399437,1.820021,-0.891585,-0.523137,0.254667,1.79868,-0.72751,0.24972,-0.70091
933001401,-0.551249,-0.358603,0.217567,0.59825,1.438799,0.537786,1.113358,1.233548,2.589844,-0.869284,-0.489013,0.161247,1.85761,-0.83477,0.22209,-0.698904
933001402,-0.65936,0.516336,0.554912,1.126515,1.692083,0.32812,0.483425,1.315476,2.860921,-0.273067,-0.028198,0.315122,2.02157,-0.27704,0.27925,-0.97503
933001501,-0.06816,1.212909,-0.554453,0.069985,0.628291,0.564642,0.01829,0.076394,1.660193,-0.961034,-0.849076,0.743388,1.25116,-0.907,0.65791,-0.296007
933001502,-0.415274,-0.191469,0.534319,0.348524,0.678948,0.492295,0.052374,0.363667,1.046138,0.917424,-1.259963,0.59581,0.62207,0.05747,0.29921,-0.32618
933001601,-0.640969,0.521443,0.793944,0.963233,1.210844,0.07646,1.323687,1.020901,2.082394,-0.237423,0.388461,-0.286998,1.73479,-0.13655,-0.03809,-0.902005
933001603,-0.849958,0.274044,0.787348,1.145724,0.678948,-0.8167,1.386909,0.774175,0.902736,0.05913,-0.807727,-0.422195,1.15572,-0.14363,-0.69932,-0.656152
933001604,-0.513681,-0.813522,0.049673,0.271686,0.602963,-0.386425,0.339036,0.437697,1.018499,-0.632828,0.333065,0.005391,0.54256,-0.27977,-0.28737,-0.230082
933001701,-0.375818,0.893493,0.106183,0.636669,1.337486,0.376711,0.243208,0.628196,2.863294,-1.118059,-0.403303,0.329667,1.9635,-0.90605,0.42854,-0.70942
933001702,-0.471436,1.088859,0.106792,0.675088,1.413471,-0.123025,0.837865,0.75,1.942347,-0.62665,-0.022652,0.319471,1.70362,-0.43894,0.0975,-0.765588
933001801,-0.493924,2.047584,0.205836,0.55983,1.768068,0.138473,0.326148,0.771679,3.857304,-0.891866,-0.380142,0.67542,2.60064,-0.85555,0.54788,-1.061004
933001802,-0.221422,-0.131022,0.067682,-0.314208,0.501649,0.251667,-0.301781,-0.303986,0.677959,-0.362736,0.386001,1.171738,0.26281,0.0569,0.60169,-0.097288
933001900,-0.355916,1.212354,0.455534,0.531016,0.425664,0.498873,-0.437481,1.171079,0.48051,0.208456,0.24461,1.567022,0.63757,0.78722,0.85688,-0.526405
933002000,2.39871,-1.1744,-0.665892,-0.093297,-1.296665,1.687223,-0.038497,-0.041388,0.078167,-0.258679,0.082713,1.463284,-0.31439,-0.18029,2.13856,0.466781
933002100,11.080359,-0.079144,-1.098075,-1.178642,-2.005859,5.325722,-0.831976,-0.441316,-0.731182,-0.788667,-0.244211,3.310213,-0.62286,-0.80315,7.07073,1.388014
933002200,-0.067521,0.186579,1.75636,1.337821,-0.030246,0.607788,2.497149,0.119137,-0.108451,1.989535,-0.680006,0.272153,0.80229,0.94545,0.55993,-0.703275
933002300,1.638499,0.527982,-0.723957,0.108404,-1.423307,2.320944,-0.058705,-0.915628,-0.199114,-0.315519,1.11925,2.373144,-0.0609,0.33513,2.84476,0.227269
933002400,2.390429,-0.170582,-0.888275,-0.928916,-1.448635,2.447074,-0.837653,-1.23256,-0.637992,-0.448044,-1.128202,2.638492,-0.6253,-0.40892,2.89849,0.798126
933002500,0.969636,-0.908719,-0.355808,-0.554329,-1.170023,1.770967,-0.366315,-0.897177,-0.766283,-0.069162,-0.298782,2.367946,-0.68906,0.20386,2.0762,0.53115
933002600,0.899412,-0.040096,-0.248325,0.262081,-0.967396,2.283302,0.297697,-0.979963,-0.159586,0.46372,-0.328033,1.698031,0.03535,0.13674,2.16856,0.169789
933002700,0.787145,-0.649684,-0.567067,0.867185,-0.891411,1.852666,1.707201,0.24979,0.483986,-0.079155,-0.659633,0.82064,0.72672,-0.47057,1.53358,-0.065893
933002800,2.312127,1.070095,0.150474,-0.016459,-1.473963,3.917756,-0.437828,-0.483369,-0.19379,-0.423725,0.76292,2.727035,0.15919,0.50495,3.94066,0.168042
933002900,0.203325,-0.316173,0.517084,-0.246974,-0.942068,0.902062,-0.558116,-0.042355,-0.452942,0.191297,0.844042,1.70586,-0.53722,0.94099,1.30945,0.109731
933003000,-0.121475,0.198228,0.166918,0.04117,0.172381,0.498225,-0.23241,0.156942,-0.041299,-0.391878,0.782477,2.184689,0.16345,0.64626,1.19286,-0.182696
933003101,0.095852,-0.525759,0.834903,-0.4967,-0.992724,0.945638,-0.490785,-0.152313,-0.317255,-0.38907,0.953502,2.742289,-0.44443,1.01502,1.79642,0.086637
933003102,-0.396737,-0.095736,0.497319,0.079589,0.450993,0.192554,-0.028252,0.436542,0.478692,-0.824352,-0.39159,1.634479,0.5361,0.04302,0.67955,-0.232886
933003200,-0.514408,0.633743,0.574845,0.617459,0.729605,0.118755,-0.17427,0.749858,1.213715,-0.866684,0.356826,1.608629,1.05033,0.2361,0.76868,-0.570148
933003300,-0.521933,0.830228,0.321012,0.540621,1.210844,0.125864,0.349367,0.326576,1.762865,-0.876379,1.130217,1.342781,1.40772,0.09531,0.74975,-0.71819
933003401,-0.380873,0.222007,0.008411,0.271686,1.312157,0.037103,0.233212,0.905283,3.292473,-0.877308,1.258333,0.803518,1.73431,-0.32148,0.5413,-0.774586
933003402,-0.436367,0.792744,0.503521,0.425363,0.982888,0.156961,0.22106,1.141812,1.913928,-0.514345,1.005869,1.080334,1.33254,0.28554,0.62533,-0.756632
933003501,-0.631178,1.606629,-0.262747,0.944023,1.717411,0.15191,-0.021246,1.141812,2.173423,-0.839797,-0.288216,0.661864,1.89148,-0.52043,0.27103,-0.820815
933003502,-0.556101,0.545372,0.501981,0.434968,1.337486,0.046048,-0.241483,1.152739,1.880276,-0.175641,2.067552,0.690931,1.08202,0.66712,0.36965,-0.780083
933003601,-0.367072,0.865707,-0.194851,0.396548,1.540113,0.208905,-0.21009,-0.101197,2.421667,-1.031405,0.126253,0.562161,1.57511,-0.75537,0.42947,-0.549874
933003602,-0.248007,0.186579,-0.518934,0.665483,0.754933,0.438395,-0.157178,0.360514,1.60137,-0.706767,-0.759322,0.770763,1.10794,-0.70744,0.50226,-0.304014
933003701,-0.635565,-0.27865,1.375712,0.684693,0.273694,-0.055526,-0.384176,0.72678,0.838593,-0.855243,1.262176,2.185304,0.58113,0.95286,0.99409,-0.538029
933003702,-0.870848,2.329002,1.620166,1.347425,0.881575,-0.351174,-0.089424,-0.189288,0.814375,0.399703,1.311976,1.125036,1.14229,1.24066,0.53966,-0.992889
933003800,-0.918439,0.701538,2.037999,1.501103,-0.004918,-0.111184,0.937865,1.038282,-0.129975,1.007869,1.034507,0.813165,0.59874,1.69189,0.3264,-0.876179
933003901,-0.601891,-0.012573,2.053635,0.358129,-0.891411,-0.007311,-0.635072,-1.244726,-0.77488,1.616035,0.632011,1.364035,-0.74504,1.77583,0.70419,-0.13196
933003902,-0.298417,-0.518254,1.133142,-0.102902,-0.891411,-0.554374,-0.191232,0.774175,-0.47117,1.179403,-0.116201,-0.568236,-0.69406,0.88213,-0.60172,0.007231
933004001,-0.733333,-0.484487,2.715322,0.531016,-1.271336,-0.487495,-0.573768,-1.658205,-0.750052,2.031875,0.275774,1.428684,-0.92333,1.9902,0.55815,-0.12494
933004002,-0.701664,-0.82603,2.297016,0.069985,-0.992724,-0.789739,-0.571626,-0.618858,-0.806309,2.841377,1.317966,0.995025,-1.27673,2.50199,0.07723,-0.161958
933004101,-0.357949,-0.87194,1.832465,-0.083692,-1.52462,-0.429714,-0.320689,-1.043187,-0.861003,2.025415,-0.408926,0.727,-1.15774,1.41714,0.16569,0.158325
933004102,-0.002613,-1.061364,0.629685,0.194847,-1.018053,0.411406,-0.315792,-0.133086,-0.731484,0.040595,-0.279782,0.597197,-0.6185,0.39616,0.46373,0.250394
933004200,0.296532,-0.463036,0.463401,0.069985,-1.22068,1.269695,-0.79426,-0.117694,-0.783642,0.198949,0.651269,2.439605,-0.65891,1.10749,1.81677,0.1737
933004301,0.768492,0.267903,0.418703,0.04117,-1.018053,1.809459,-0.44946,-0.189288,-0.620359,-0.054886,-0.022652,1.59919,-0.24352,0.50833,1.83786,0.157063
933004302,1.332963,0.429699,-0.329948,-0.583143,-1.170023,2.437703,-0.80321,-0.143964,-0.589475,-0.430867,-0.546237,2.718497,-0.30385,0.197,2.65134,0.386352
933004400,1.712705,-1.102643,0.453893,-0.727215,-1.549949,3.393885,-1.147852,-0.608049,-0.770779,0.937152,0.400561,1.387919,-1.10239,0.78106,2.65204,0.61933
933004501,0.445813,-1.329518,0.989882,-0.179741,-1.246008,2.19583,-0.539693,-0.822713,-1.005741,0.2145,0.452035,1.975179,-0.83797,0.91724,2.07298,0.365024
933004502,0.077548,-0.090812,1.095217,-0.150926,-1.246008,0.563957,-0.704943,0.254956,-0.874212,0.814687,0.329506,1.871463,-0.77046,1.40524,1.1619,0.06004
933004600,-0.260297,-0.329247,1.927182,0.454177,-1.296665,0.007467,-0.708047,-0.433645,-0.94433,1.725368,0.963127,0.387789,-0.99966,1.81851,0.34462,-0.047208
933004701,-0.361465,-1.40593,1.529924,0.415758,-1.094038,0.370068,-0.261276,-0.648802,-0.832843,1.545523,-0.139649,0.801533,-0.89533,1.24423,0.5012,0.111779
933004702,-0.549331,-1.00703,2.055862,-0.23737,-1.423307,-0.492042,-0.532086,-0.569479,-0.907123,1.675008,1.249258,0.365791,-1.31666,1.8614,-0.00647,0.072381
933004800,-0.278514,-0.264601,1.265938,0.194847,-1.321993,-0.129348,-0.666809,-0.467516,-0.869129,2.15237,0.462593,-0.08788,-1.10561,1.51386,-0.03485,0.074591
933004901,0.080395,-0.285612,0.4654,-0.170136,-1.549949,-0.476764,-0.31082,-0.981881,-0.801593,1.286979,0.622482,-0.359867,-1.1038,0.83169,-0.1733,0.294613
933004902,0.030828,0.072614,0.805053,-0.47749,-0.764769,-0.150047,-0.841017,0.258572,-0.881513,1.290128,2.924739,-1.046173,-1.19466,1.64576,-0.3612,0.041882
933005002,-1.230048,1.217795,2.150028,1.693199,1.008217,-0.725857,-0.100187,2.417183,0.204474,1.547988,2.233268,0.295328,0.63353,2.40663,-0.35848,-1.217156
933005003,-0.987589,-0.514337,1.558487,1.155329,-0.359515,-1.098671,0.000685,1.215762,-0.494394,2.107482,2.204861,-0.176548,-0.55005,2.26808,-0.69143,-0.560681
933005004,-1.143379,-0.436662,1.69571,1.990948,0.982888,-1.226143,0.768015,1.950855,0.17219,1.740787,1.670089,-0.293402,0.48009,1.87986,-0.9097,-1.01133
933005100,-0.466061,0.797284,0.216703,0.386944,1.185515,0.075984,-0.408964,0.390466,1.900209,-0.29455,0.822533,1.629156,1.15404,0.28495,0.79701,-0.640468
933005201,-0.742543,0.835743,0.650075,0.867185,2.325292,0.331363,0.065178,2.129277,1.679941,0.047724,0.477833,0.91243,1.60639,0.49279,0.27314,-1.015944
933005202,-0.446072,0.070772,0.26551,0.098799,0.982888,0.257647,0.091428,0.956731,2.470484,-0.632336,-1.164571,0.547716,1.42188,-0.75748,0.26157,-0.483965
933005301,-0.321254,0.205073,0.053333,0.108404,1.388142,0.058537,-0.415077,-0.02591,1.848865,-0.793461,0.461039,1.924988,1.08312,-0.09876,0.88535,-0.4594
933005302,-0.288335,0.080626,0.108631,0.588645,0.65362,0.196855,-0.648404,-0.286189,1.145412,-0.486927,1.183646,2.339822,0.63141,0.50685,1.24252,-0.383978
933005401,-0.337437,-0.393878,0.644681,0.310105,0.197709,0.127775,-0.829647,0.724677,1.127006,-0.285358,1.085219,2.971508,0.38474,1.00589,1.40639,-0.404448
933005402,-0.253469,0.661655,-0.280327,-0.141321,1.008217,0.078255,-0.581662,-0.349866,1.703093,-0.546333,0.595397,1.956429,0.87056,-0.03511,0.95997,-0.357493
933005501,-0.953304,1.497127,1.564622,1.39545,2.04668,-0.417702,-0.328734,2.89417,1.295158,-0.229434,1.146184,1.021371,1.56758,1.21035,0.05273,-1.267172
933005502,-0.922187,1.309005,1.298311,1.270587,0.425664,-0.803555,-0.574408,1.349913,0.53845,0.99648,1.559129,0.680273,0.49288,1.6725,-0.08541,-0.856683
933005601,-1.178883,2.713402,2.581246,2.701705,1.970695,-0.90549,-0.224425,3.557514,0.234194,1.495903,2.086122,0.415236,1.40702,2.71923,-0.37649,-1.748707
933005602,-0.741236,0.555237,1.8804,1.011257,-0.4355,-0.282963,-0.776138,2.067308,-0.422911,1.976429,2.460276,1.462852,-0.37241,2.90776,0.48368,-0.750766
933005701,-1.448538,2.690202,3.207859,4.228871,5.972577,2.296318,0.104495,2.596588,5.965412,1.597286,0.528903,0.405005,5.07914,0.89078,1.28176,-2.935703
933005702,-1.114179,1.671922,2.061449,2.548028,2.730546,-0.378473,0.018866,1.483702,4.29711,1.308751,1.623196,1.752453,2.88574,1.41971,0.84069,-1.971878
933005800,-1.711016,4.886208,3.175029,5.295006,3.920979,-0.735996,0.069687,1.731541,1.718716,2.928312,1.333093,0.533176,3.23939,2.7526,-0.01137,-2.718734
933005903,0.58234,-0.741571,0.36078,0.242871,-1.473963,0.903167,0.18328,-0.466539,-0.417565,0.298342,-0.700996,-0.943471,-0.4598,-0.21398,0.27416,0.354441
933005904,-0.47716,0.035691,1.330363,1.11691,-1.625934,-0.658497,-0.167751,-1.227254,-0.572447,2.021479,-0.421705,-0.772678,-0.6857,0.97918,-0.44657,-0.014001
933005905,-0.439912,-0.440717,0.943203,0.713507,-0.764769,-0.349754,0.362752,-0.86213,-0.188499,-0.052078,-0.421989,-0.776266,-0.07264,-0.0568,-0.39783,0.015869
933005906,-1.563187,4.064495,2.945017,4.82437,2.375949,-0.977221,-0.75292,-1.387037,0.348676,2.306597,1.214503,2.552278,1.97978,2.77659,0.97773,-1.932989
933006001,-0.401328,-0.844197,2.713846,0.934418,-0.638127,-0.3474,0.117117,-1.318133,-0.741575,1.331513,0.416197,0.56838,-0.505,1.51519,0.30926,-0.215574
933006002,-0.850277,-0.040223,2.42273,1.37624,-0.992724,-0.66728,-0.139112,-1.261048,-0.630413,3.237811,0.752899,-0.199779,-0.72735,2.19501,-0.23435,-0.388977
933006100,-0.870761,0.239686,2.864986,1.001652,-0.663456,-0.520719,0.612157,-0.906761,-0.753432,2.252025,0.032196,0.569574,-0.26722,1.89169,0.09605,-0.498663
933006200,-0.652475,0.813664,2.06947,0.310105,0.02041,-0.563685,-0.303357,-2.574842,-0.758971,2.163647,1.185647,0.750924,-0.57035,1.78314,0.26391,-0.277652
933006300,-0.838568,-0.881537,2.091744,1.318611,-0.486157,-0.717249,-0.10897,-0.558499,-0.948679,2.142016,1.051887,0.662166,-0.71134,2.07345,-0.05085,-0.335626
933006400,-1.040439,-0.844197,2.886488,1.549127,-1.018053,-0.973322,0.434782,0.119137,-0.630687,2.770519,-0.673283,0.389405,-0.46277,2.01669,-0.35933,-0.485026
933006500,-0.939475,0.759648,2.499272,1.453078,-0.866083,-0.686462,0.260434,-0.732806,-0.552571,2.454884,0.511038,0.362473,-0.2139,2.04928,0.00147,-0.592563
933006600,0.057559,0.02156,1.1131,0.550226,-1.37265,0.59522,1.514847,-1.216372,-0.0239,0.194703,-1.554721,-0.792131,0.3133,-0.46948,0.24351,0.018344
933006700,-0.463708,0.242096,2.235641,1.472288,-0.967396,0.748604,0.311274,-0.257093,-0.344926,1.863006,-0.182316,-0.448329,-0.0001,1.2957,0.34534,-0.410745
933006800,-0.60715,0.325274,2.560531,0.473387,-0.992724,0.194867,0.469401,-1.608532,-0.818658,2.018128,-0.333456,1.09204,-0.39544,1.59533,0.72435,-0.257754
933006900,-0.046718,1.11848,1.432494,1.981344,-1.144695,1.502289,2.451181,-0.518075,-0.04791,-0.553493,-1.071288,-0.241814,1.36327,-0.28681,1.0657,-0.527283
933010001,-0.172669,-0.642544,0.67347,-0.266184,-0.232873,0.831991,-0.122187,1.152217,-0.681336,0.238636,0.398809,1.396697,-0.36615,0.95627,0.79597,-0.044726
933010002,-0.202508,0.109852,0.597503,-0.23737,-0.562142,0.163677,-0.356815,0.412332,-0.842583,0.288138,0.865649,0.562135,-0.5632,0.9395,0.27596,0.01175
933010102,-0.555839,-0.398684,0.700587,0.473387,-0.232873,-0.600642,0.551445,0.944142,-0.615128,1.493637,0.122944,-0.644854,-0.34673,0.93279,-0.78691,-0.219713
933010103,-0.836709,-0.247597,1.586299,0.175638,0.501649,-0.95038,0.801224,0.703332,-0.705702,1.250221,0.061436,-0.57521,-0.16265,1.02692,-1.00476,-0.376324
933010104,-0.874625,-1.237035,1.634792,0.886394,0.881575,-0.893718,0.884437,1.454356,-0.540195,2.282518,-0.295168,-0.624638,-0.13463,1.33837,-1.15313,-0.515555
933010200,-0.124991,-0.677654,-0.151203,-0.131717,-0.486157,0.044105,0.014404,2.117653,-0.495801,0.511847,1.916237,0.233093,-0.55318,1.17439,-0.03133,-0.108499
933010300,-0.553224,-0.01923,0.51558,-0.054878,-0.156888,-0.220964,-0.141576,1.519557,-0.782595,1.340639,1.155495,0.561995,-0.56113,1.53776,-0.13875,-0.241639
933010400,0.225058,-0.839688,0.100676,-0.583143,-0.638127,0.907261,-0.175399,0.372732,-0.467685,-0.455149,-0.116201,0.96028,-0.42446,0.1162,0.7908,0.277226
933011001,1.007785,-1.082017,-0.600618,-1.01536,-1.347322,1.078947,-0.96143,-0.258752,-0.845135,0.260521,0.298414,-0.240961,-1.28458,0.03823,0.55202,0.746778
933011002,1.058369,-0.405559,-1.120005,-1.332319,-1.094038,1.122778,-0.785859,-0.347159,-0.803302,-0.111051,-1.023623,0.255209,-0.96623,-0.57149,0.67697,0.797985
933011101,0.098409,-0.000973,-0.415903,-0.659982,-0.638127,0.257578,-0.511177,0.876034,-0.75967,-0.442373,-0.106434,-0.761727,-0.59296,-0.16186,-0.36391,0.339398
933011102,0.99442,-0.206357,-0.968918,-1.005755,-0.866083,0.794428,-0.651785,-0.719376,-0.827487,-0.199164,-0.126201,-0.565891,-0.89862,-0.50454,0.28178,0.694903
933011103,-0.078184,0.280084,-0.623167,-0.266184,-0.486157,-0.439853,-0.788743,0.535899,-0.92817,-0.212149,0.927422,-0.48483,-0.72618,0.30179,-0.51807,0.234704
933011200,-0.134695,-1.049254,-0.591454,-1.024965,0.121724,0.487841,-1.034181,-0.376629,-0.888859,0.292136,-0.165648,1.569218,-0.95769,0.31814,0.54308,0.470837
933011300,0.052009,0.378762,0.208869,-0.170136,-0.232873,0.328495,0.33197,0.015468,-0.551182,0.898711,-0.186076,0.3757,-0.20121,0.49332,0.28183,-0.030399
933011400,0.753849,-0.966494,-1.063904,-1.072989,-1.043381,0.729196,-0.612855,-0.382257,-0.741699,-0.311951,-0.328033,0.111233,-0.99421,-0.45893,0.40722,0.744868
933011500,0.133885,-0.159029,-0.815165,-0.362232,-0.587471,0.646692,0.278966,-0.048783,-0.655773,0.102377,-0.221278,-0.148969,-0.38215,-0.21615,0.14831,0.299171
933011600,1.280548,-0.101573,-0.636567,-0.804054,-1.119366,1.646279,-0.494126,-0.764082,-0.810371,-0.742912,-0.095348,0.633088,-0.62267,-0.3915,1.37563,0.624672
933011700,1.299027,-0.580241,-0.781586,-0.928916,-0.992724,1.272216,-0.68297,-0.826463,-0.935922,-0.343972,-0.782513,1.683944,-0.82872,-0.25492,1.52891,0.706366
933011800,0.086845,-0.142789,-0.169157,0.031565,-0.638127,0.000145,0.827833,0.07116,-0.665953,1.038793,-0.907231,0.76211,-0.25786,0.32198,0.25151,0.056459
933011900,0.871868,-0.237805,-1.030205,-0.842473,-0.866083,0.931632,-0.980681,-0.079519,-0.683827,0.271147,-0.046627,2.172414,-0.83355,0.36785,1.44709,0.484538
933012000,1.823024,-0.271212,-0.938033,-0.71761,-1.22068,1.366325,-0.107768,-1.41162,-0.874433,-0.203519,-0.126842,1.257685,-0.71324,-0.29681,1.70367,0.676999
933012100,1.694458,-0.442952,-0.962195,-1.313109,-1.06871,1.572827,-0.347767,-1.183632,-0.893463,-0.528895,-0.186076,3.063066,-0.76592,-0.03838,2.44192,0.696726
933012200,1.445026,0.199165,-1.151145,-0.688796,-1.06871,1.36627,-0.825746,-0.751309,-0.812758,-0.853826,0.175342,-0.227632,-0.69294,-0.63376,0.92082,0.697227
933013001,0.079349,-0.839042,0.885829,0.223662,0.02041,1.535736,-0.517823,0.265111,-0.556129,1.414363,-0.565234,0.091534,-0.42785,0.70118,0.60677,0.056552
933013003,-0.342173,0.278495,0.859171,0.329315,0.324351,0.781394,-0.015706,0.755928,-0.888768,1.536924,0.0749,0.274738,-0.21606,1.15935,0.24215,-0.257147
933013004,-1.09509,3.655479,2.142914,-1.956632,1.616098,-2.385196,0.97874,4.6413,-0.561715,2.376868,1.365792,-0.391519,0.22913,2.6234,-1.92851,-1.242996
933013100,1.622607,-0.824618,-0.689392,-0.515909,-1.195351,2.409507,-0.595158,-0.45137,-0.649234,0.271147,-0.114192,1.983494,-0.71014,0.19986,2.34459,0.573273
933013200,7.217945,-0.148069,-1.209803,-0.948126,-1.853889,4.833077,-0.728492,-0.617734,-1.005741,-0.56247,-0.305369,1.746278,-0.71896,-0.77655,4.99928,1.205375
933013301,2.333715,-0.318799,-0.883308,-1.149827,-1.397978,2.699669,-0.989434,-0.746357,-1.005741,-0.679402,-0.539054,0.656096,-0.90027,-0.61504,2.06889,0.928841
933013302,5.266298,-1.385688,-1.216895,-0.71761,-1.701919,3.471111,-0.35531,-1.866522,-0.924389,-0.858903,-0.715985,-0.227442,-0.90649,-1.51054,2.98761,1.342303
933013400,2.810353,-1.339112,-0.894061,0.050775,-1.448635,3.868496,0.800562,-0.981881,-0.675984,-0.456912,-0.625178,0.521584,-0.21074,-0.90843,2.80525,0.734991
933013500,2.012169,0.678834,-1.015269,-0.73682,-1.246008,3.048833,-0.469472,-0.848894,-0.370873,-0.558214,1.07033,1.912791,-0.27674,0.02332,2.94673,0.46389
933014002,0.276891,0.124143,-1.044074,-0.669586,-0.891411,-0.163872,-0.931136,-0.638905,-0.570225,0.046574,-1.28803,-0.896213,-0.78911,-0.73854,-0.53805,0.626868
933014003,-0.272994,0.073502,1.020495,0.348524,0.375008,0.327871,0.929825,-0.24015,-0.254332,-0.509051,0.199786,-0.088189,0.44135,0.07632,0.14763,-0.25077
933014004,0.065752,-1.21689,-0.724276,-0.506304,-0.384844,-0.272338,-0.458531,-1.162437,-0.001884,-0.94976,-0.001355,-0.858045,-0.5366,-0.90824,-0.48646,0.553657
933014100,0.053927,-0.468463,0.118532,-0.391047,-0.663456,-0.012019,-0.299127,0.559327,-0.376284,0.670605,-1.11462,-0.943993,-0.56621,-0.07891,-0.5758,0.27302
933014201,0.313848,-0.052267,-1.004738,-0.592748,-0.612799,-0.179229,-0.602858,-0.369616,-0.129975,-0.810244,-0.501377,-0.935289,-0.42067,-0.90873,-0.4655,0.492953
933014202,0.287379,-1.254131,-0.836237,-0.842473,-0.739441,-0.131138,-0.426062,-0.704474,-0.015445,-0.442915,-1.273866,0.038326,-0.62385,-0.8917,-0.11867,0.635556
933014203,-0.189056,-0.376409,-0.441073,0.55983,0.197709,-0.286668,0.873268,-0.568814,0.152256,-0.316294,-0.254169,-0.364456,0.35735,-0.55264,-0.29717,-0.035807
933014301,0.011071,0.962128,-0.991329,0.214057,-0.258202,0.109837,-0.140387,-0.570907,0.154209,-1.195043,0.730372,-0.891384,0.25434,-0.72041,-0.15392,0.093992
933014302,-0.37637,0.229564,0.186748,1.280192,0.501649,0.326455,0.616753,0.251967,0.833767,0.485706,-1.339891,-0.710873,0.93747,-0.44297,-0.22569,-0.382022
933014303,0.095126,-0.299324,-0.755029,0.867185,-0.207545,0.21668,0.731061,-0.087841,1.439688,-0.10114,-0.869627,-0.498146,0.83621,-0.93528,0.04429,-0.127039
933014304,0.416643,-0.032447,-1.063658,0.684693,-0.612799,0.24076,0.238507,-0.713497,1.088381,-0.714517,-0.889772,-0.852059,0.55839,-1.30472,0.0401,0.151724
933014403,0.198734,-0.970928,-0.770812,-0.045273,-0.156888,-0.099144,-1.106339,0.305289,-0.01512,-0.492274,-0.419984,-0.274581,-0.44911,-0.47784,-0.27873,0.379674
933014404,-0.421114,0.175566,0.237924,0.636669,0.552306,-0.564975,1.140922,0.74127,0.451702,-0.005741,-0.124016,-0.538197,0.72346,-0.10341,-0.58636,-0.422264
933014405,-0.389096,0.873583,-0.534571,0.415758,1.033545,0.060877,-0.055598,-0.558499,0.63679,-0.391878,-1.080282,-0.455798,0.7786,-0.8917,-0.30898,-0.149243
933014406,0.140538,-0.150169,-0.846797,-0.698401,-0.106231,-0.228457,0.364433,-0.39001,0.521104,-0.620897,-0.035283,-0.615401,0.06732,-0.82702,-0.33667,0.212859
933014500,0.31562,-0.299627,-0.997902,0.607854,-0.511485,0.063981,1.025963,-0.433645,0.861523,-0.686383,-0.363408,-0.712688,0.58902,-1.07861,-0.02762,0.049398
933014600,-0.08998,-0.139763,-0.386063,-0.448676,0.400336,-0.293056,-0.372343,-0.743044,-0.213245,-0.622473,0.043739,-0.591989,-0.21741,-0.51964,-0.48112,0.24585
933014701,-0.696724,0.037019,-0.778862,1.885295,0.045739,-0.362497,2.67893,0.336292,1.690391,-1.190184,-1.69819,-0.976543,1.94922,-1.7018,-0.56874,-0.534935
933014704,-0.806812,-0.216207,-0.252527,1.164934,0.476321,-1.115179,1.534789,1.284722,1.278087,0.014281,-0.413589,-1.100308,1.09824,-0.48343,-1.17087,-0.558631
933014705,-0.755967,1.267059,-0.148307,1.760433,0.071067,-0.968854,2.817057,0.591295,1.752172,-1.122028,1.559528,-1.063459,1.96355,-0.46351,-0.55991,-0.970351
933014706,-0.771569,0.267903,-0.131575,0.742322,0.602963,-1.148635,1.78359,0.616233,0.757372,0.57431,0.520248,-1.052061,0.8216,0.01019,-1.10755,-0.571857
933014707,-1.134662,1.720383,0.306337,3.066688,1.337486,-1.133662,2.764322,0.880613,3.878116,0.079616,0.011279,-1.068143,3.29699,-0.68705,-0.67047,-1.631493
933014708,-0.932705,-0.143851,0.582389,1.39545,0.526978,-1.230773,2.977733,0.632986,1.61534,-0.005741,0.705327,-0.924337,1.58655,-0.14699,-0.89097,-0.910595
933014800,-0.976722,1.775417,0.669591,2.461584,1.920038,-0.622141,2.789992,0.229237,2.237412,0.498961,-0.411459,-0.688612,2.72162,-0.36234,-0.476,-1.409217
933014902,-0.017257,-0.97785,-0.699314,-0.026064,-0.055575,0.264438,-0.39286,-0.418481,0.34942,-0.978807,-0.308644,-0.630395,-0.05245,-0.92055,-0.19734,0.325667
933014903,0.304086,1.012852,-0.895065,0.732717,-0.663456,0.417021,1.068424,-0.566765,0.855964,-0.948634,-1.007671,-0.839984,0.96447,-1.32766,0.15823,-0.048693
933014904,-0.244259,0.129678,-0.399562,0.550226,-0.258202,-0.401911,0.394677,0.101848,0.768822,-0.139299,-0.44124,-0.934989,0.44244,-0.57391,-0.55264,-0.102649
933014905,-0.385929,0.310725,-0.680854,1.347425,0.349679,0.798841,0.985855,0.014671,1.565656,-1.253261,-0.147773,-0.522095,1.48758,-1.12678,0.27558,-0.390417
933015000,0.40874,-1.634239,-0.870598,-1.399553,-1.499292,-0.447392,-1.080225,0.688868,-0.744148,0.225941,0.60954,3.709441,-1.47529,1.10319,1.2884,0.56236
933015101,-0.55581,-0.055204,-0.474939,1.280192,0.729605,-0.276293,1.098208,0.463245,1.314582,-0.832529,0.056633,-0.630574,1.2625,-0.76039,-0.4177,-0.470168
933015103,-0.294465,-0.22539,-0.602167,0.271686,0.982888,0.025354,-0.49563,-0.414917,1.329634,-1.253261,0.440484,-0.632958,0.67771,-0.93924,-0.26057,-0.072548
933015105,-0.222033,0.818547,-0.576838,0.06038,0.704276,-0.308352,-0.011574,0.127749,0.521929,-0.474254,0.841823,-0.868459,0.44195,-0.32657,-0.52904,-0.185414
933015106,-0.357107,0.22756,-0.790029,0.185242,0.324351,-0.062312,0.401691,-0.660914,1.558576,-1.105566,-0.798915,-0.829205,0.94671,-1.4387,-0.35527,-0.056558
933016001,0.95633,-0.34218,-1.27829,-1.380343,-0.815426,0.533651,-0.898415,-1.647451,-0.96247,-0.734365,-0.815991,-0.888797,-1.06584,-1.16305,-0.03141,0.979778
933016002,0.40967,-0.688267,-0.425428,-0.948126,-0.562142,0.282639,-0.894209,-0.664055,-0.948395,0.077123,-0.736215,-0.425006,-1.03194,-0.32439,-0.15123,0.657988
933016003,0.661717,-1.389285,-0.803113,-1.101803,-0.612799,0.219696,-0.957267,-1.254893,-0.934376,0.515544,-0.90201,-0.714556,-1.34289,-0.51812,-0.28603,0.879751
933016004,0.076735,-1.519038,-0.252393,-0.842473,-0.359515,-0.136628,-0.436059,-0.696478,-0.435936,0.647182,-0.066172,-0.729014,-1.00776,-0.07942,-0.52005,0.519829
933016101,0.552821,0.06171,-0.280606,-1.341924,-0.460829,0.495145,-1.21844,-1.322043,-0.840444,0.267592,-0.022652,-0.30959,-1.07623,-0.08339,0.15353,0.631926
933016102,-0.226478,-0.485891,0.044744,-0.708006,-0.232873,-0.323403,-0.731765,0.072116,-0.765066,0.610991,-0.509363,-0.369075,-0.85885,0.21181,-0.59336,0.329918
933016103,0.121682,-1.121404,-0.785703,-1.25548,-0.410172,-0.402466,-0.824784,-0.429084,-0.771161,0.089657,-0.794953,-0.842643,-1.15408,-0.52539,-0.82597,0.72055
933016105,0.083417,-1.178225,-0.585472,-0.871288,-0.232873,-0.294406,-0.845945,0.068519,-0.660023,-0.373707,-0.048993,-0.815649,-0.94466,-0.35199,-0.71268,0.558792
933016106,0.264455,-0.541983,-1.182151,-1.169037,-0.258202,-0.417322,-0.775174,-0.615061,-0.822958,-0.330096,0.61211,-0.878135,-1.05486,-0.38912,-0.68293,0.634923
933016201,0.4072,-0.748165,-1.141834,-0.410256,-0.967396,-0.340429,-0.119053,-0.846972,-0.245308,-0.654451,-0.606552,-1.100308,-0.57275,-1.04454,-0.55198,0.613384
933016202,0.335755,-0.886894,-1.018249,-0.871288,-0.207545,-0.257907,-0.818419,-0.999895,-0.277313,-1.225661,-0.550296,-0.98262,-0.63861,-1.20891,-0.5917,0.701823
933016203,-0.384331,0.644277,-0.073416,-0.026064,0.80559,-0.221246,0.244936,-0.268751,0.86732,-0.29078,-0.688403,-0.820316,0.6886,-0.72206,-0.54944,-0.185133
933016204,1.004328,-1.390539,-1.31496,-0.640772,-0.967396,0.125698,-0.326094,-0.899707,-0.586801,-0.899991,-0.147773,-0.714592,-0.87756,-0.99085,-0.06539,0.8139
933016301,0.350573,-0.524948,-1.052897,-1.169037,-0.486157,-0.516681,-0.831194,-0.995892,-0.287349,-0.717046,-0.854628,-0.804559,-0.77794,-1.05452,-0.64224,0.718787
933016304,0.244757,0.003758,-1.012148,-0.544724,-0.587471,-0.326363,-1.13538,-0.388771,-0.669719,-0.661353,0.078286,-0.286998,-0.77077,-0.38401,-0.29629,0.520526
933016305,-0.16311,1.515083,-0.344471,-0.285394,0.324351,-0.720598,0.257397,0.564641,-0.075187,-0.281137,0.018808,-0.562899,0.30147,-0.16421,-0.65191,-0.178466
933016306,-0.283192,1.707375,0.1351,-0.535119,0.450993,-0.61919,-0.570898,0.552266,-0.002469,-0.005741,-0.681828,-0.683734,0.15642,-0.11928,-0.75259,-0.125967
933016307,0.017144,-0.613839,-0.561673,-0.784844,0.248366,-0.635101,-0.034126,0.318561,-0.141836,-0.739808,0.105132,-0.597378,-0.29185,-0.49991,-0.72484,0.253011
933016308,0.011943,-1.397517,-0.555713,-0.506304,-0.258202,-0.637271,-0.72784,0.633489,-0.31846,-0.673531,-0.404765,0.411572,-0.64489,-0.25459,-0.35717,0.400518
933017003,-0.815063,0.634321,0.198178,-0.160531,2.375949,-1.069887,-0.857145,0.119137,-0.683693,1.605187,-0.220269,-0.855966,-0.22495,0.57815,-1.48759,-0.239692
933017004,0.287031,-1.463635,-0.106925,-0.71761,-0.612799,0.649583,-0.628565,-0.227008,-0.965854,0.289127,-0.214803,0.272153,-1.057,0.16662,0.28313,0.549048
933017005,-0.948975,1.321111,0.515062,-0.189345,3.161128,-1.310511,-0.763427,0.830306,-0.622477,1.527413,-0.060071,-0.7988,0.13464,0.78037,-1.67156,-0.525638
933017006,0.002646,-0.638826,0.014593,-0.765635,-0.410172,0.15784,-0.819799,-0.136517,-0.867966,0.830487,-0.046627,0.178099,-1.01099,0.49885,-0.03721,0.374079
933018001,2.208751,-0.969719,-1.419755,-1.101803,-1.575277,0.715537,-0.09408,-1.255726,-0.619732,-1.105566,-1.489724,-1.100308,-0.85132,-1.72451,0.37155,1.101151
933018002,0.504823,-1.067315,-0.723848,-1.082594,-0.28353,1.437603,-1.035892,-0.933731,-0.902521,-1.03778,0.462667,-0.134194,-0.91304,-0.52563,0.5819,0.742772
933018101,-0.199893,0.054503,-0.59547,-0.880892,0.704276,-0.277852,-0.267237,-0.513766,-0.834818,0.325903,-1.286884,-0.960447,-0.47814,-0.5911,-0.95357,0.361131
933018103,1.067027,-0.892011,-0.239749,-1.197851,-1.22068,1.615386,-1.140323,-1.228394,-0.969349,0.478685,-0.482756,0.249906,-1.29032,-0.05061,1.03314,0.833095
933018104,0.677378,-0.294953,-0.961855,-0.967336,-0.410172,0.26676,-0.755961,-0.598634,-0.820833,-0.140502,-1.328401,-0.924321,-0.81584,-0.87565,-0.35896,0.708405
933018105,-0.370414,-0.272072,-0.454153,-0.842473,0.65362,-0.895952,-0.900474,0.310137,-0.909889,1.172022,-0.081781,-0.77201,-0.95293,0.37369,-1.23,0.255752
933018106,-0.067172,-1.034141,-1.08812,-1.092198,0.425664,-0.547727,-1.050376,-1.019117,-0.879455,0.298342,-0.061431,-0.68676,-1.14629,-0.35171,-0.89604,0.648557
933018107,1.203932,-1.699162,-1.080255,-1.53402,-1.043381,0.728631,-1.060814,-0.904824,-0.949001,-0.291937,-0.600287,-0.515239,-1.46686,-0.76061,0.17446,1.081409
933018108,0.858619,-0.495579,-1.031834,-1.505206,-0.739441,0.665624,-1.019741,-1.380914,-1.005741,-0.678185,-0.401398,-0.515604,-1.14366,-0.82876,0.15092,0.92635
933018109,1.252859,-0.167397,-1.199094,-1.197851,-1.043381,0.80354,-0.431277,-1.790575,-0.793885,0.345519,-0.733749,-1.035906,-1.02216,-0.85367,0.18268,0.87224
933018201,0.98765,-1.904516,-0.739001,-1.370738,-0.840754,1.890275,-0.963928,-1.912611,-0.138356,-0.162687,0.008628,-0.477617,-1.09321,-0.79045,0.8678,0.963746
933018202,0.536492,-1.070843,-1.345144,-1.236271,-0.866083,-0.088228,-0.109236,-1.602653,-0.742439,-1.627517,-2.024594,-1.035613,-0.74473,-1.96042,-0.55045,1.024231
933018203,0.526149,-0.098481,-1.029921,-0.275789,-0.359515,0.187563,-0.41926,-1.211144,0.177462,-1.063421,-1.31636,-0.858617,-0.05445,-1.46659,-0.15509,0.520346
933018204,0.903102,-0.935472,-1.461321,-1.2939,-1.144695,0.161129,-1.141009,-2.336332,-0.5404,-1.627517,-1.023623,-1.100308,-1.06353,-1.78602,-0.20096,1.175648
933018205,0.522169,0.412149,-1.01305,-0.275789,-0.460829,0.076525,-0.600548,-1.129287,-0.430238,-1.226253,-1.108451,-0.772227,-0.22861,-1.26241,-0.1802,0.541825
933018206,0.368151,-0.688267,-0.307216,-1.562834,-0.486157,0.948335,-0.774021,-0.189288,-0.672805,-1.108549,-0.577407,1.574797,-0.69185,-0.29634,0.99403,0.587832
933018301,0.00773,-0.857935,-0.538716,-0.659982,-0.384844,-0.435237,-1.00836,-0.113567,-0.717747,-0.521761,-0.550296,-0.572076,-0.87594,-0.44493,-0.66163,0.559085
933018303,-0.431719,-0.90792,-0.138845,-0.650377,0.172381,-0.800789,-1.022175,0.636121,-0.717474,1.094345,0.545467,-0.624806,-1.08434,0.68741,-1.04613,0.238808
933018304,0.313848,-0.960441,-0.971659,-1.389948,-1.06871,0.110318,-0.357276,-0.742095,-0.883959,-0.9374,-1.812374,-0.677846,-0.95029,-1.27281,-0.42689,0.911707
933018305,0.425533,-1.157592,-1.345635,-1.197851,-0.815426,-0.424483,-0.976826,-0.871549,-0.676707,-0.524709,-1.765163,-1.075715,-1.12788,-1.30623,-0.8515,0.973742
933018306,-0.390897,-0.415533,-0.89668,-0.813659,0.628291,-1.061825,-1.073498,0.106512,-0.690308,-0.482734,-1.212996,-1.038426,-0.65823,-0.79285,-1.45769,0.474121
933018307,0.389157,-0.375747,-1.164467,-0.890497,-0.232873,-0.194678,-1.21365,-0.588764,-0.713373,-0.532818,-1.534608,-0.941058,-0.82477,-1.08837,-0.69498,0.750267
933018401,0.327271,-1.15938,-0.977571,-0.775239,-0.612799,-0.244345,-0.365008,-0.851197,-0.38913,-0.700788,-1.410615,-0.835755,-0.68778,-1.20725,-0.57825,0.729503
933018402,-0.64402,0.243095,-0.431782,0.089194,1.236172,-1.556107,-0.259664,1.102794,-0.36258,-0.032328,-0.821241,-0.965497,0.04695,-0.27918,-1.65381,-0.109219
933018405,0.174561,0.092418,-0.850128,-0.419861,-0.080903,-0.34672,-0.038223,-0.183099,0.236366,-1.056652,-1.223817,-0.961142,0.11661,-1.26828,-0.62578,0.307213
933018406,-0.086435,-0.233208,-0.692932,-0.343023,0.754933,-0.0014,-0.399506,-0.039234,0.273587,-0.34837,-0.968293,-0.757001,0.09276,-0.86358,-0.5738,0.185805
933018407,-0.531579,1.082222,0.00523,-0.131717,1.10953,-0.642447,-0.394768,0.97736,0.367153,0.31473,-0.328033,-0.891826,0.36946,-0.03184,-0.99008,-0.298181
933018408,-0.223747,0.692499,-0.619938,-0.554329,-0.055575,-0.775289,0.011295,0.825471,0.005381,-0.609932,-1.11462,-1.051016,0.07378,-0.77453,-1.04996,0.113424
933018409,0.113866,0.313062,-0.482806,-0.659982,-0.28353,-0.600989,0.080294,-0.651857,0.566477,-0.795837,-0.856145,-0.768022,0.12325,-1.03823,-0.53373,0.234008
933018410,0.271487,0.112004,-0.038376,-0.266184,0.628291,-0.039111,0.102792,-0.726678,0.75889,-0.455149,-1.424011,-1.009217,0.47792,-1.14702,-0.41121,0.091791
933018411,0.489599,0.098595,-0.651607,-0.602353,-0.258202,0.177304,0.223457,-0.792432,0.571609,-1.118725,-1.639605,-1.041916,0.28615,-1.59731,-0.24837,0.369862
933018505,-0.565979,-0.287187,0.720762,0.473387,1.388142,-0.93266,1.587019,1.291201,0.852434,-0.916602,-0.869627,-0.69486,1.21949,-0.64408,-0.97785,-0.548048
933018506,0.6048,0.26439,-0.788836,-0.650377,-0.13156,-0.087067,-0.446454,-0.477504,-0.088977,-1.03441,-1.157774,-0.959446,-0.13082,-1.21433,-0.39571,0.448418
933018507,0.035826,-0.575321,-0.606408,-0.71761,0.400336,-0.109311,0.079381,-0.575778,0.556206,-0.504749,-0.659633,-0.776832,0.0584,-0.99835,-0.48602,0.260736
933018508,0.940379,-2.095604,-1.084577,-1.303504,-0.562142,1.272498,-0.538091,-1.505412,-0.324224,-1.009698,1.637495,-0.197732,-1.03992,-0.58125,0.73876,0.848244
933018509,-0.530794,0.365107,-0.078957,0.079589,0.678948,-1.01644,0.42445,-0.177071,0.763706,0.111294,1.603086,-0.852779,0.34931,0.16083,-0.81525,-0.33483
933018510,-0.419487,0.706003,0.358506,0.482992,1.008217,-0.442129,2.154507,-0.297024,1.516526,-1.217805,-0.934427,-0.949993,1.72177,-1.30279,-0.52846,-0.544727
933018511,-0.499387,1.137467,0.441399,0.684693,1.717411,-0.770437,0.8997,0.343662,1.143539,-0.707704,-1.209323,-0.984384,1.49074,-0.9088,-0.90451,-0.596211
933018512,-0.125978,0.237394,-0.547844,-0.4967,0.526978,-0.515867,1.017077,-0.589588,1.266592,-1.303162,-0.738943,-0.752102,0.87986,-1.43996,-0.52913,-0.038653
933018513,-0.29894,0.237844,0.195574,0.137218,0.856247,-0.531654,1.305812,0.428701,1.515058,-1.300436,-1.459192,-1.064577,1.3644,-1.41149,-0.75409,-0.337004
933018514,-0.473731,1.254703,0.523854,0.492597,2.021352,-0.450454,1.792412,-0.222348,2.913831,-0.588147,-0.826248,-1.020122,2.3477,-1.27685,-0.52538,-0.894376
933018515,-0.48454,0.280921,0.166918,-0.026064,1.286829,-0.720787,0.836443,-0.753043,1.677587,-0.87455,-1.465045,-0.835919,1.24218,-1.39674,-0.76401,-0.276605
933018516,-0.37329,1.628398,0.06745,0.06038,0.80559,-0.57196,1.857584,-0.584935,2.283266,-1.444782,-1.540253,-0.823717,2.00793,-1.74962,-0.43891,-0.536218
933018601,-0.22886,0.759648,0.005436,-0.275789,0.501649,-0.58634,-0.118872,0.323009,-0.229233,-0.591761,-0.639755,0.157164,0.18264,-0.23856,-0.37824,-0.058165
933018602,-0.570512,0.891778,0.489112,0.146823,1.286829,-0.607622,-0.129207,1.116113,-0.473597,0.141693,2.253299,1.221488,0.15888,1.41777,0.06482,-0.570183
933018605,-0.503018,0.844404,0.312423,0.310105,0.80559,-0.709645,1.142643,0.222537,1.19711,-0.256259,-0.253645,-0.793753,1.1046,-0.47924,-0.6756,-0.509562
933018606,-0.375004,1.238958,0.24598,0.185242,1.438799,0.139398,0.977276,-0.264897,2.159891,-0.676075,-0.45164,-0.827907,1.71724,-1.03562,-0.19704,-0.598602
933018607,-0.142975,1.799515,0.206819,0.002751,0.881575,-0.388303,1.530552,-0.104703,1.706142,-1.164152,-0.899907,-0.80179,1.70831,-1.23048,-0.34255,-0.542156
933018608,-0.473993,0.803636,0.251328,0.55983,0.830918,-0.656933,0.795071,0.522731,0.426198,-1.059895,0.095109,-0.597969,0.92216,-0.41381,-0.61031,-0.425697
933018703,-0.267968,0.221525,-0.420331,-0.064483,0.299022,-0.43958,-0.203203,-0.713334,0.389094,-0.808756,-0.626179,-0.639831,0.24032,-0.87027,-0.53588,0.111863
933018704,-0.532363,0.044933,-0.293205,0.915209,1.768068,-0.535997,0.468249,-0.219833,1.53653,-1.164152,-0.62789,-0.570711,1.38975,-1.18368,-0.60137,-0.413013
933018705,-0.240221,1.807042,0.20244,0.089194,0.982888,-0.28059,0.792775,-0.442719,0.956105,-1.077762,-0.752173,-0.907319,1.26876,-1.02155,-0.43249,-0.384803
933018706,-0.050815,-1.234376,-0.627875,-0.515909,0.121724,-0.121263,-0.791056,-0.685189,-0.301093,-0.371949,-0.856794,-0.957979,-0.62359,-0.82399,-0.70913,0.54762
933018707,0.553112,-0.600133,-1.272407,-0.362232,-1.094038,0.109703,-0.200035,-1.01245,-0.609678,-0.944664,-1.417945,-1.100308,-0.5793,-1.3876,-0.36722,0.755824
933018709,-0.16035,-0.11988,-0.671902,-0.583143,0.552306,-0.539448,-0.073806,-0.024361,-0.028329,-0.42759,-0.497689,-0.84701,-0.07932,-0.69888,-0.85325,0.192092
933018710,-0.2897,1.23779,-1.028156,-0.227765,0.450993,-0.824827,0.068818,-0.018979,-0.288043,-0.324172,-1.309615,-0.964756,0.18805,-0.88341,-1.06394,0.087329
933018711,-0.228134,-1.137512,-0.952529,-0.179741,-0.080903,-0.379306,0.173757,0.354602,0.07751,-1.055125,-1.652332,-0.888578,-0.01949,-1.32435,-0.87724,0.373357
933018801,0.087456,-0.185551,-1.144758,0.175638,-0.410172,0.222342,0.119266,-0.572484,0.222921,-1.245923,-1.036794,-1.100308,0.20415,-1.43903,-0.3537,0.348274
933018802,0.078681,-0.503987,-0.696417,0.502201,0.02041,-0.070309,0.293035,-0.913103,0.245353,-1.245923,-0.70945,-1.017196,0.31472,-1.28131,-0.39588,0.228851
933018803,0.487245,-0.308189,-1.236754,0.146823,-0.790097,0.181,0.414118,-1.223886,-0.010397,-1.375591,-1.467209,-1.073951,0.09719,-1.72083,-0.20753,0.520009
933018804,0.250829,-0.404797,-0.840025,-0.861683,-0.13156,-0.151712,-0.362374,-0.06971,-0.257501,-1.41128,-0.811296,-0.726514,-0.29193,-1.13574,-0.50199,0.497406
933018805,0.703004,-0.466821,-1.121259,-0.439071,-1.043381,0.381868,-0.685103,-1.347651,0.139208,-1.627517,-1.128202,-1.015335,-0.30973,-1.6649,-0.01731,0.743076
933018806,0.56854,-1.712257,-1.254944,-0.861683,-0.891411,1.431701,-0.377111,-0.928789,-0.504681,-0.185938,1.311976,-0.015894,-1.01731,-0.19993,0.74835,0.704996
933018903,-0.269479,1.473953,-0.387453,-0.602353,0.172381,-0.825225,-0.230179,-0.286189,-0.684487,-0.844591,1.091636,0.518604,-0.13897,0.2094,-0.18243,-0.016647
933018905,-0.767937,-0.10327,-0.07072,0.732717,1.514784,-1.277069,0.800598,0.412876,0.051429,0.598685,0.126883,-1.004843,0.4451,0.04735,-1.37379,-0.408621
933018906,-0.437965,1.116669,-0.422559,-0.506304,0.400336,-0.953192,0.085301,0.190455,-0.352467,-0.330096,-0.258175,-0.79586,0.02803,-0.32607,-1.01587,-0.013148
933018907,-0.669878,0.417414,-0.390969,-0.563933,1.413471,-1.281371,0.24309,1.205037,-0.581686,0.358331,2.265282,-0.851426,-0.22433,0.78283,-1.35436,-0.296348
933018908,-1.079895,0.983186,1.888096,2.67289,2.477262,-1.634698,2.750679,3.144015,0.053552,0.599399,2.249001,-0.74381,1.81686,1.63653,-1.26485,-1.694097
933018909,0.105295,-0.000507,-0.584919,0.04117,0.299022,-0.445417,0.24641,-0.399737,0.267496,-0.987943,-0.889039,-1.052466,0.32146,-1.14845,-0.66703,0.149641
933018910,-0.495145,-0.115092,-0.006144,0.252476,0.349679,-1.035006,1.042174,1.079487,-0.362891,-0.439737,0.046381,-1.034869,0.22029,-0.1623,-1.1712,-0.191503
933019001,-0.819276,-0.237422,0.764603,0.703903,1.362814,-1.293674,0.103513,2.719571,-0.438343,0.718882,0.671899,-0.601721,0.11817,1.07364,-1.37696,-0.586054
933019003,-0.764857,-0.384812,0.555169,1.251377,1.666754,-1.080114,0.363713,1.708131,-0.605114,-0.249007,-0.060071,-0.163233,0.4727,0.39101,-1.0355,-0.505725
933019004,-0.404088,-0.177721,-0.380072,-0.112507,0.602963,-0.664723,-0.697781,0.094223,-0.408796,-0.700788,1.255287,0.89438,-0.26601,0.36533,-0.09796,0.007804
933019005,-0.843566,1.363091,0.704646,1.8949,3.085143,-0.64512,1.161787,0.081565,0.116758,-0.509051,0.924696,1.412894,1.72647,0.52538,0.14758,-1.106329
933019102,-0.802076,1.232248,0.904595,1.020862,1.10953,-0.984617,0.352469,1.846322,-0.333001,0.638526,0.213602,0.110817,0.59656,1.01123,-0.71061,-0.752449
933019103,-0.359693,1.480336,0.100076,-0.141321,0.856247,-0.287709,-0.114333,0.060498,0.418276,-0.502203,0.907543,0.644065,0.5796,0.23292,0.15284,-0.37972
933019104,-0.949237,0.036568,0.903964,0.588645,0.932232,-1.101696,0.383,0.880613,0.039185,1.729844,0.489807,-0.841527,0.09056,1.01979,-1.20134,-0.533232
933019200,-0.507667,0.483855,-0.016293,0.59825,0.95756,-0.52651,0.022607,-0.033956,-0.385172,-0.432524,1.125315,0.69125,0.2719,0.43905,-0.05368,-0.305937
933020000,-0.157735,0.969115,-0.297488,-0.371837,0.02041,-0.338357,0.313271,0.050815,0.646798,-0.73554,0.272252,0.173801,0.48089,-0.32558,-0.00687,-0.150054
933020100,-0.12348,-1.062195,0.013133,-1.101803,-0.308858,-0.210002,-1.05459,1.131459,-0.831597,0.471252,-0.315619,2.119601,-1.02698,0.89125,0.42112,0.296939
933020200,-0.4074,-0.376957,0.103875,0.137218,0.071067,-1.1109,0.08654,0.581688,-0.533879,0.556916,2.683363,-0.762577,-0.56743,1.10922,-0.88303,-0.171015
933020300,0.305074,-0.780957,-0.262366,-0.439071,-0.486157,-0.148234,-0.851028,0.057015,-0.478687,-0.742912,0.766575,2.75577,-0.5941,0.6126,1.17508,0.239729
933020401,-0.84098,2.729232,1.425793,0.59825,-0.004918,-1.230315,1.1069,0.619279,-0.470157,0.562934,2.061443,0.168949,0.5362,1.59983,-0.34221,-0.883124
933020402,-0.866896,0.245257,2.100529,0.915209,0.678948,-0.650712,1.561971,0.536918,-0.332396,1.371238,0.070462,0.753283,0.53762,1.37758,-0.12134,-0.782902
933020501,-0.967628,0.979585,1.765107,1.203353,0.602963,-0.75885,0.708997,1.679049,-0.721678,1.540603,1.236488,0.599915,0.29255,2.03939,-0.29339,-0.897194
933020502,-0.818753,0.318952,1.099267,0.348524,1.286829,-1.013956,0.418767,0.038558,-0.286362,1.997629,0.244743,0.100361,0.04731,1.19871,-0.73115,-0.520343
933020600,-0.669355,-0.185551,1.15739,0.33892,-0.815426,-1.434953,0.05307,1.199975,-0.844169,-0.005741,1.166908,-0.055185,-0.52397,1.16379,-0.76852,-0.201098
933020700,-0.767385,-0.97785,1.285081,-0.006854,0.349679,-1.333513,-0.610457,0.09836,-0.711381,1.763469,2.595272,0.380334,-1.0263,2.10018,-0.61934,-0.235252
933020800,-0.057962,-0.867882,0.549647,-0.362232,-0.967396,0.037935,-0.815859,-0.623063,-0.865983,1.595889,-0.549686,1.903177,-1.10369,1.13016,0.74426,0.291266
933020900,0.09254,-1.310757,-0.404065,-1.072989,-0.359515,-0.405347,-0.561016,-0.31702,-0.878958,-0.081368,1.792193,0.797416,-1.18015,0.65603,0.08717,0.425395
933021000,-0.383895,0.235844,0.734597,-0.21816,-0.28353,-0.449506,-0.098193,0.359024,-0.55912,0.121814,0.821059,1.710784,-0.28877,1.09532,0.47785,-0.169683
933022000,-0.26974,2.039911,0.62785,-0.47749,-0.334187,0.365748,0.550287,0.668031,0.688498,0.399703,2.379678,0.873325,0.49899,1.22398,0.82299,-0.605763
933022101,0.356645,0.26322,-0.968918,-1.25548,-0.612799,0.283962,-0.808006,-1.688009,-0.822626,0.587592,-0.457857,3.058183,-0.88843,0.39234,1.44606,0.505848
933022103,0.608083,-0.472123,-0.897938,-0.487095,0.096395,0.537481,-1.007891,-0.527678,-0.234584,-0.801886,-1.046901,1.838958,-0.2673,-0.52127,1.01278,0.43643
933022104,-0.200619,1.160329,0.241523,0.406153,0.349679,0.552754,1.159998,0.622293,1.527789,-0.387335,-0.650712,0.462524,1.4395,-0.42785,0.57355,-0.573644
933022201,-0.399584,0.667595,0.029331,0.444573,0.324351,-0.011756,0.802872,0.825471,0.114281,-0.122509,-0.378088,0.772642,0.65645,0.11074,0.19354,-0.374865
933022202,-0.304867,-0.349106,-0.905691,0.454177,-0.486157,-0.745103,0.831646,-0.654036,0.03571,-0.076253,1.178513,-0.521857,-0.06014,-0.12037,-0.48071,0.022027
933022301,-0.508568,1.746001,0.364089,0.425363,0.400336,-0.569032,0.793824,0.598203,0.060535,-0.914648,1.361043,-0.625877,0.76118,0.18252,-0.44785,-0.526677
933022302,-0.631846,1.775417,1.002651,1.39545,0.602963,-0.29128,2.077056,0.457388,0.95731,-0.546333,0.569284,0.488484,1.75966,0.22971,0.30251,-1.005192
933022401,-0.997351,0.715661,1.307319,1.846876,1.033545,-0.861123,2.397589,0.632126,0.43867,1.724879,0.487571,-0.579726,1.22074,0.98021,-0.71491,-1.082235
933022402,-0.969459,1.105329,1.89197,1.731618,1.210844,0.114583,2.230275,0.75224,1.250019,1.28506,0.234651,0.797416,1.81135,1.03648,0.43511,-1.298122
933022501,-0.157648,0.314453,-0.318717,0.482992,0.223037,0.50452,-0.054006,-0.493567,0.444672,-0.482734,-0.826851,0.732537,0.54111,-0.49085,0.54975,-0.064991
933022502,-0.68978,0.621652,0.1354,0.953628,-0.055575,-0.904431,1.945081,0.889876,0.304528,0.796956,-1.141384,-0.540782,0.82622,-0.05281,-0.81586,-0.520776
933022602,-0.173715,1.263036,0.442213,0.233267,0.223037,0.241643,0.37808,-0.574234,0.009197,-0.786596,-0.080262,0.578973,0.61488,-0.12557,0.49165,-0.237937
933022603,-0.979337,0.786691,0.570699,2.298303,1.134859,-0.935634,2.118669,0.044887,1.236159,0.466974,4.045695,-0.866063,1.4535,1.12189,-0.46272,-1.230589
933022604,-1.117782,0.325274,2.157223,2.336722,0.65362,-1.048957,4.777221,0.15941,0.729995,1.238878,0.716654,-0.486107,1.94003,0.84988,-0.50612,-1.406239
933022701,-1.268022,2.372229,2.97487,3.220365,1.134859,-1.516819,7.230659,0.724677,0.996163,1.475011,1.110315,-0.271357,3.31075,1.28138,-0.39927,-2.290703
933022702,-0.888135,0.347797,1.153519,1.068886,0.425664,-1.176184,2.384898,-0.055962,0.736215,1.368907,1.791262,-0.659952,0.84368,1.01083,-0.69382,-0.885112
933022802,-0.052529,-0.48008,0.080668,-0.285394,0.096395,0.412576,-0.06542,0.106512,0.127458,-0.849065,0.953502,1.285627,0.05207,0.21775,0.77156,-0.019631
933022803,-0.973468,1.176648,1.822088,2.106206,0.80559,-0.855873,3.160385,-0.320499,0.839056,0.798957,0.027511,-0.698284,1.81082,0.3887,-0.50462,-1.176067
933022804,-0.719271,0.779355,0.404061,0.83837,0.248366,-0.747957,1.201352,1.404501,0.324628,1.517745,0.764288,-0.325643,0.52444,1.00727,-0.61605,-0.701481
933022900,-0.209132,0.358687,0.233352,-0.170136,0.501649,-0.139094,-0.024835,0.75,0.177263,-0.173009,1.364833,0.560201,0.17555,0.60338,0.14962,-0.288161
933023001,0.403278,0.097744,-0.953943,-0.429466,-0.359515,0.024161,-0.407841,0.157638,-0.279041,-0.828381,-1.392402,-0.637084,-0.18833,-1.029,-0.34089,0.421582
933023002,-0.632398,-0.133079,1.028479,0.473387,0.552306,-0.160473,0.268432,0.813435,0.72012,1.415107,-0.385072,-0.396841,0.37795,0.59281,-0.44046,-0.459089
933023100,0.682665,-0.526101,-0.742296,0.434968,-0.764769,0.901313,0.179351,-0.736388,0.453127,-0.671523,0.467942,0.294857,0.14461,-0.49792,0.93691,0.19567
933023200,0.553373,-0.432653,-0.67489,-0.4967,0.02041,0.532194,-0.167177,-0.376629,-0.201323,-0.669195,-0.330643,-0.136848,-0.18668,-0.66942,0.22332,0.357731
933023300,-0.213171,-0.3537,0.094444,-0.054878,0.476321,0.004729,0.253429,0.421603,0.326002,-0.800302,-0.292144,1.097775,0.40804,-0.16837,0.35378,-0.125465
933023400,0.112936,0.527982,-0.712767,0.137218,-0.308858,0.010622,0.083565,0.215491,-0.231025,-0.755301,-1.006657,0.443603,0.19545,-0.56413,0.16183,0.106404
933023502,-0.196842,0.368099,-0.677898,-0.679191,-0.486157,-0.738392,0.083823,0.819466,-0.079396,-0.195299,0.881451,-0.382401,-0.29627,0.11029,-0.59417,0.058472
933023503,-0.972771,0.48914,1.702849,1.212958,1.286829,-1.51977,0.286283,0.083333,-0.157631,1.94039,0.170518,-0.800667,0.25338,1.20663,-1.261,-0.693105
933023504,-0.829881,1.263737,0.669571,0.81916,0.425664,-1.268974,1.473581,0.324282,-0.221691,1.092881,-0.034359,-1.044819,0.53859,0.49551,-1.17104,-0.592563
933023600,0.83677,-0.563754,-1.148283,-0.535119,-0.258202,0.998668,-0.871966,-0.628367,-0.202179,-1.35264,-0.147773,-0.236166,-0.35427,-1.02258,0.49581,0.600965
933023700,-0.333195,1.3494,0.233106,0.761532,0.172381,-0.22268,0.473508,0.534828,0.082686,0.212575,0.898596,-0.476674,0.52492,0.44891,-0.2268,-0.466065
933023801,-0.107819,-0.525319,-0.621232,-0.343023,-0.106231,0.069795,0.082754,-0.509427,0.262229,-0.546333,0.260231,1.00369,-0.02123,-0.23666,0.44804,0.14231
933023802,-0.014526,-0.158276,0.115953,0.367734,0.248366,0.440851,0.165262,-0.079519,-0.021383,-0.662768,1.01715,0.408873,0.23054,0.13915,0.47942,-0.121501
933023900,-0.330812,0.892806,0.057466,0.137218,0.704276,0.002268,-0.339292,-0.334639,-0.003953,-0.099444,0.336671,0.602778,0.27441,0.2142,0.20409,-0.201387
933024001,-0.432619,-0.312882,-0.303045,0.069985,0.299022,-0.411679,0.487686,0.692651,0.028562,0.737946,0.516332,-0.158745,-0.0245,0.37859,-0.48043,-0.170049
933024002,-0.427128,-0.125002,-0.095821,-0.026064,0.932232,-0.018694,-0.638379,0.25691,0.314145,-0.28263,0.130962,0.086358,0.16343,-0.07371,-0.20281,-0.085632
933024100,-0.163313,0.620995,0.356027,-0.439071,0.248366,0.064892,-0.932826,0.400486,0.053663,0.437884,0.586635,0.87662,-0.17944,0.74641,0.33996,-0.123518
933024200,0.321635,1.026956,0.168528,-0.064483,-0.308858,0.535996,-0.119523,0.270677,-0.176948,-0.268961,0.533443,0.723616,0.12582,0.36203,0.75625,-0.111414
933024301,-0.291037,0.876259,0.368291,0.684693,0.425664,0.46057,0.142519,0.946189,0.138535,-0.864328,-0.380142,0.065437,0.76698,-0.16098,0.17864,-0.342664
933024302,-0.041517,1.252556,0.668181,0.262081,-0.942068,-0.108039,0.943732,0.371295,-0.246424,0.225941,-0.312138,-1.065523,0.23716,0.10302,-0.33468,-0.20134
933025001,0.254955,-1.797425,-0.620826,-1.265085,-0.739441,0.696961,-0.875071,-1.107976,-0.945881,0.271147,1.112778,-0.335554,-1.49365,0.13463,0.10823,0.778942
933025002,1.693151,-1.247462,-1.166488,-1.361133,-1.423307,1.839539,-1.012133,-2.162339,-0.928467,-0.503086,-0.140848,-0.65914,-1.36048,-0.9811,0.98216,1.187804
933025100,-2.212758,5.392978,0.92789,-1.956632,-2.284471,-2.385196,-1.330803,5.743149,-1.005741,4.859587,2.980261,1.271847,-1.39432,4.88291,-1.25003,-1.066603
933026002,-0.27773,0.723069,0.068224,-0.631167,-0.638127,-0.671573,-0.225248,0.660277,-0.730353,0.457623,0.337248,-0.074511,-0.57852,0.61645,-0.47778,0.049746
933026004,0.095765,-0.869257,-0.115558,-0.544724,-0.536814,-0.399149,-0.15,0.013241,-0.556954,-0.620897,0.694579,-0.248574,-0.64515,-0.00184,-0.29779,0.319655
933026005,0.049249,-0.442952,-0.451895,-0.890497,-0.28353,-0.533027,-0.244863,-0.530263,-0.832097,-0.363796,-0.71898,0.17542,-0.68445,-0.35705,-0.34397,0.458971
933026006,0.968097,-1.773737,-1.193335,-1.063384,-1.246008,0.489233,-1.04182,-1.17509,-0.853912,-0.448044,-0.94051,-0.749642,-1.37141,-0.99787,-0.04167,1.087965
933026007,-0.082542,-0.337719,-0.261729,-0.73682,-0.663456,-0.77416,-0.528371,1.125114,-0.888632,0.426732,-0.313532,-1.100308,-0.9438,0.1647,-1.11727,0.335397
933026008,1.03161,-0.494217,-1.310567,-0.75603,-1.37265,0.333787,0.317158,-1.851932,-0.450308,-0.790471,-1.57528,-1.057609,-0.55451,-1.62207,-0.02256,0.861036
933028000,0.672932,-1.663458,-1.200304,-0.448676,-0.536814,-0.029578,-0.397789,-0.888387,-0.442104,-0.928906,-0.208879,-1.100308,-0.77519,-1.08925,-0.43006,0.752436
933028101,0.472631,-0.622101,-0.955397,-0.708006,-0.663456,-0.028944,-0.707681,-1.060827,-0.092517,-0.996029,-0.403484,-0.777499,-0.56855,-1.04523,-0.24367,0.64494
933028102,-0.178887,-1.282461,-0.495543,-0.746425,-0.232873,-0.412882,-0.877001,-0.06851,-0.693325,0.027813,0.991152,0.201336,-1.06098,0.36203,-0.31879,0.417975
933028200,-0.456357,0.499406,0.1353,-0.122112,0.501649,-0.826053,-0.188596,1.202989,-0.353876,0.105063,-0.012839,0.183447,-0.02397,0.4257,-0.5993,-0.1996
933028300,-0.389357,0.007871,0.894552,0.290895,-0.410172,-0.253855,0.915962,0.560072,-0.268407,1.06893,0.377736,0.287742,-0.02476,0.94756,-0.0233,-0.317001
933028401,-0.453016,0.688146,0.71088,0.886394,0.147052,-0.480256,2.174015,0.306612,0.496318,0.249255,0.92166,-0.262445,0.97954,0.38924,-0.16879,-0.686767
933028402,-0.214072,-1.431531,0.049673,-0.074088,-0.334187,-0.35048,0.064424,-0.027167,-0.304574,0.375853,-0.101241,0.111256,-0.53497,0.18044,-0.27017,0.199553
933028501,-1.007723,0.029008,1.948738,1.539522,0.400336,-1.159685,1.68797,2.14328,0.007724,2.224201,1.884523,-0.308654,0.44928,2.18912,-0.78388,-1.087865
933028502,0.46435,-0.611112,-0.751011,-0.775239,-0.308858,0.190727,-0.964629,-0.646747,-0.544019,-0.745271,-0.12073,0.474748,-0.69875,-0.40896,0.29161,0.554006
933028601,0.202046,-0.216207,-0.852241,-0.640772,-0.334187,-0.068325,-0.925199,-0.223768,-0.486888,-0.5876,0.266457,0.292044,-0.6309,-0.19957,0.04322,0.417496
933028602,0.249812,-0.418829,-0.896975,-0.583143,-0.562142,-0.344546,-0.694537,-0.354184,-0.63589,-1.052048,-0.585289,-0.690995,-0.63915,-0.83791,-0.52574,0.580904
933028603,0.58388,-0.508763,-1.076057,-1.351528,-0.815426,0.036316,-1.162018,-0.447959,-0.904267,-0.579096,-0.478977,-0.0747,-1.13693,-0.54252,-0.08432,0.797975
933028701,-0.173976,-0.167018,-0.43739,-0.266184,-0.384844,-0.647354,-0.175071,0.173305,-0.265922,-0.089338,0.483192,-1.075926,-0.44057,-0.1047,-0.84097,0.184593
933028702,0.340288,-1.699457,-0.985323,-1.226666,-0.866083,0.129227,-0.831605,-0.933516,-0.716864,-0.637959,-1.173566,-0.755963,-1.17582,-1.05492,-0.43833,0.957917
933028706,-0.5045,1.119131,0.550916,1.030466,0.400336,-0.014281,0.387192,0.46198,-0.054496,1.399798,1.033928,-1.012721,0.33368,0.90673,-0.44685,-0.544315
933028708,-0.559558,0.510776,-0.863569,0.396548,0.628291,-1.052218,0.736857,-0.048783,0.031527,0.534851,-1.145467,-1.082764,0.34459,-0.60756,-1.25729,-0.114501
933028709,-0.985206,2.220154,0.22467,0.761532,1.666754,-1.41419,1.589713,2.207563,0.054397,1.092881,2.823859,-0.982315,0.94901,1.42607,-1.29218,-1.151431
933028710,0.889737,0.146413,-1.261846,0.079589,-1.296665,0.53947,0.365587,-1.391093,0.384634,-1.627517,-0.905496,-1.100308,0.21403,-1.75068,0.24042,0.515513
933028711,0.342438,0.051474,-0.833217,-0.727215,-0.967396,-0.238619,-0.248522,-0.058586,-0.388933,-0.137236,0.15143,-1.0343,-0.64894,-0.35829,-0.49776,0.423291
933028712,0.026877,1.008475,-1.243185,0.905604,-0.612799,0.308037,1.354378,-0.628367,0.117647,-1.407615,-2.024594,-1.100308,0.93258,-1.80903,-0.22974,0.092994
933028713,-0.198063,0.166356,-0.723018,1.558731,-0.587471,0.355577,1.76494,-1.258619,0.870601,-1.05271,-1.860051,-1.069113,1.23065,-1.74358,-0.07469,-0.075146
933028714,0.657475,0.816616,-1.068347,0.59825,-1.170023,0.588393,1.07419,-1.157877,0.406472,-1.627517,-1.538292,-1.100308,0.74496,-1.85278,0.23163,0.260641
933029002,-0.732287,0.178841,-0.132324,0.434968,-0.004918,-1.369661,-0.200269,1.401515,-0.568618,2.383593,1.370926,-0.788491,-0.68112,1.5406,-1.29419,-0.303194
933029003,0.187374,-0.5878,-0.644611,-1.01536,-0.587471,-0.579393,-0.910357,0.407269,-0.645759,-0.868388,-0.070892,-0.565287,-0.87401,-0.4013,-0.65775,0.543356
933029004,1.591024,-0.833553,-1.282553,-0.99615,-1.271336,-0.174557,-0.693599,-1.081384,-0.629113,-0.649303,-0.905496,-1.076734,-1.06317,-1.18798,-0.20721,0.967789
933029005,0.161254,-0.645138,-0.523198,-0.861683,-0.992724,-0.450713,-0.721377,-1.183632,-1.005741,-1.245923,-0.147773,-0.568945,-0.99809,-0.68193,-0.43699,0.732143
933029101,-0.436542,-0.410549,0.16403,0.185242,0.248366,-0.820983,-0.572618,0.572257,-0.629946,0.040595,0.368619,-0.560159,-0.44718,0.34721,-0.86622,0.029036
933029102,-0.174093,-0.031607,-0.433774,-0.631167,-0.207545,-0.691032,-0.610833,0.618212,-0.5194,-0.330096,0.197676,-0.300887,-0.55922,0.02068,-0.65459,0.226155
933029201,0.233542,-0.186146,-0.912246,-1.149827,-0.714112,-0.495363,-1.070116,-0.06711,-0.768339,-0.673531,-0.590619,-0.972372,-0.96927,-0.66872,-0.7989,0.672422
933029203,-0.138443,-0.781253,-0.722079,0.329315,-0.511485,-0.441532,0.08458,0.288194,-0.116621,-0.400227,-0.802034,-0.898013,-0.17473,-0.67278,-0.72783,0.248709
933029204,0.069384,0.152903,-0.990039,-0.861683,-0.28353,-0.295771,-0.637011,-0.279937,-0.682165,-0.648332,-0.21561,-0.734482,-0.62031,-0.59847,-0.59939,0.479742
933040002,0.316928,-0.006302,-0.634821,-1.361133,-0.334187,0.301774,-1.275798,-0.95809,-0.890145,-0.700788,0.790637,0.612091,-0.9825,-0.00892,0.40419,0.58241
933040003,0.324279,-0.506219,-1.200057,-0.813659,-0.688784,-0.577404,-0.622422,-0.680642,-0.915516,-0.76257,-1.599403,-0.918933,-0.84908,-1.17144,-0.82601,0.777979
933040004,0.13249,-0.699224,-0.916109,-0.784844,-0.612799,-0.253004,-1.064564,-0.964489,-0.965775,-0.58121,-0.992343,-0.424244,-1.01211,-0.74595,-0.47034,0.758304
933040101,-0.461645,1.224613,0.629685,-0.189345,-0.359515,-0.855938,-0.787546,0.325237,-0.720896,1.951575,0.041631,0.153234,-0.66906,1.31726,-0.49002,-0.144812
933040102,-0.759221,0.945719,0.174057,0.358129,1.438799,-1.181586,-0.641263,0.724931,-0.483686,0.948921,-0.769645,-0.607466,0.05107,0.35902,-1.2928,-0.292995
933040201,-0.350628,-0.313642,-0.137959,-0.419861,0.501649,-0.811261,-0.831161,0.492714,-0.788052,0.792276,0.096243,-0.726237,-0.75755,0.40904,-1.06675,0.154869
933040202,-0.191409,-0.571768,-0.806448,0.06038,0.628291,-0.730658,-1.175744,1.058554,-1.005741,0.085078,-1.330279,-0.458592,-0.61256,-0.25378,-1.07016,0.304909
933040301,-0.22119,-1.148655,-0.595452,-0.515909,-0.055575,-0.807468,-1.037584,0.418799,-0.967264,-0.448044,0.439335,-0.353902,-1.01106,0.04298,-0.84873,0.443439
933040303,-0.352255,-0.325256,-0.91246,-0.23737,0.071067,-0.833384,-1.020231,0.268383,-0.96948,0.409132,-0.271624,-0.161079,-0.85275,0.12415,-0.849,0.329069
933040304,0.075137,-1.317362,-0.876151,-1.024965,-0.587471,-0.634315,-1.079678,0.071873,-0.917782,-0.130493,-0.219045,-0.00131,-1.26837,-0.12513,-0.57204,0.671963
933040305,0.513568,-0.813396,-1.045165,-1.053779,-0.536814,-0.475654,-0.808419,0.138739,-0.62389,-0.873203,-1.210245,-0.772227,-0.83348,-0.99412,-0.71522,0.720186
933040401,0.309112,-1.119131,-1.053859,-1.188247,-0.587471,0.160444,-1.221175,-0.893793,-0.972828,-0.654451,-0.84118,-0.186589,-1.18051,-0.76049,-0.19944,0.884608
933040402,0.265618,-0.807507,-1.003063,-0.506304,-0.815426,0.346141,-0.947419,-1.293837,-0.905028,-0.148002,0.342234,-0.146772,-1.07268,-0.24027,0.11278,0.679847
933041002,-0.292373,0.109932,-0.428568,-0.688796,0.096395,-0.821797,-0.795777,0.162931,-0.7648,0.627147,-0.322538,-0.858291,-0.78022,0.08667,-1.08127,0.277209
933041003,0.024088,-0.86725,-0.846139,-0.794449,-0.334187,-0.584106,-0.74187,-1.097079,-0.726656,-0.383415,-0.370235,-0.900714,-0.9483,-0.6695,-0.81026,0.660029
933041004,1.00764,-1.890773,-0.445535,-1.620463,-0.182217,0.644944,-1.147366,-0.097154,-0.521543,-0.432524,-0.332812,-0.218267,-1.14817,-0.49777,0.14194,0.813273
933050000,0.210298,-1.743738,-0.716935,-1.351528,0.071067,0.558101,-1.100404,-0.980554,-0.892761,-0.237423,-0.067502,-0.335034,-1.22279,-0.44462,-0.15024,0.803683
933050101,-0.084518,-1.377893,-0.650664,-1.207456,0.400336,-0.016858,-1.196518,-0.570907,-0.617704,0.136975,-0.363997,-0.072374,-1.03389,-0.25809,-0.42053,0.60675
933050102,0.4115,-1.530571,-1.114164,-1.341924,-0.536814,0.526264,-1.258535,-1.987392,-1.005741,-0.772627,0.57252,-0.302343,-1.40582,-0.62929,0.09339,0.993868
933050103,0.453455,-1.093684,-0.775238,-1.389948,-0.612799,0.166295,-0.843192,-0.376629,-0.813601,-0.906728,-0.573911,-0.275211,-1.02778,-0.71901,-0.17379,0.789841
933050201,0.151986,-1.69472,-1.254485,-1.082594,-0.4355,-0.565211,-1.214626,0.099421,-0.924356,0.346819,0.046381,-0.639589,-1.48657,-0.13712,-0.87158,0.762338
933050202,0.330351,-0.900052,-0.82801,-1.034569,-0.004918,-0.20261,-1.255135,-1.032319,-1.005741,-0.266026,-0.858414,-0.510724,-1.10505,-0.65088,-0.52428,0.770154
933050203,0.268843,-1.031959,-0.847274,-0.99615,-0.612799,-0.446847,-1.102372,-0.283905,-1.005741,-0.578133,-0.932626,-0.824275,-1.15898,-0.70962,-0.78166,0.791811
933050205,0.537219,-1.195038,-0.30854,-1.207456,-0.891411,1.781735,-0.909922,-0.992175,-0.925331,-0.978807,1.421372,-0.005467,-1.09411,-0.08061,0.9582,0.728414
933050206,0.859113,-0.930029,-1.160304,-1.245875,-0.815426,0.106049,-1.096215,-1.309881,-0.864637,-0.670403,-1.529608,-0.756215,-1.13983,-1.23554,-0.28648,1.017373
933050207,0.208409,-1.125481,-0.944284,-1.121013,-0.384844,-0.558171,-1.094371,0.362061,-0.871966,0.026058,-0.915143,-0.847901,-1.19313,-0.46464,-0.96758,0.705363
933050301,0.414609,-1.231113,-1.115068,-1.351528,-0.815426,-0.531413,-1.252721,-1.38463,-1.005741,-0.790471,0.721973,-0.720763,-1.50235,-0.51746,-0.55314,0.937281
933050303,0.105644,-0.639943,-0.827005,-1.072989,-0.334187,-0.590563,-1.013615,-0.627043,-0.875321,0.225941,-0.843324,-0.935289,-1.13477,-0.48095,-0.92958,0.683355
933050306,-0.712385,-1.006569,0.396418,0.636669,0.830918,-1.435934,-0.742791,2.120384,-0.585588,1.224572,-0.138707,-0.907785,-0.51047,0.85548,-1.62466,-0.195066
933050307,-1.266541,1.626117,1.864272,2.077392,2.603904,-1.529275,0.056001,2.835941,-0.394646,2.510347,0.06907,-0.804854,0.84576,1.92827,-1.63649,-1.306522
933050308,-0.785631,-0.053649,0.651991,0.588645,2.097337,-1.123107,-0.720728,1.465741,-0.870782,0.555643,0.253478,-0.413201,-0.05976,0.8113,-1.2828,-0.388059
933050309,-0.731067,-0.05203,0.447056,0.031565,1.033545,-1.367408,-0.996456,1.677562,-1.005741,1.708708,-0.989107,-0.925133,-0.6618,0.82026,-1.71155,-0.109902
933050401,0.012757,-0.45256,-0.915689,-0.679191,-0.587471,-0.264387,-0.242217,-0.566164,-0.695155,-0.052977,-0.967668,-0.858672,-0.71653,-0.68031,-0.67935,0.551772
933050403,0.297026,-1.25267,-0.938559,-1.159432,-0.967396,-0.269827,-0.901862,-0.874299,-0.92803,-0.149443,-1.037721,-0.993394,-1.31359,-0.77128,-0.7207,0.904028
933050404,-0.00886,-0.646472,-1.376691,-1.207456,-0.030246,-0.703835,-0.297044,-0.301195,-0.911804,-0.404538,-0.688779,-1.100308,-0.87367,-0.87004,-1.15673,0.651013
933050405,0.410832,-0.708452,-0.967614,-1.332319,-0.688784,-0.326165,-0.492885,-1.085483,-0.835826,0.523287,-1.440874,-1.100308,-1.15273,-0.77274,-0.78867,0.809488
933050406,0.230839,-0.638826,-1.103634,-1.802955,0.273694,-0.57906,-1.330803,-1.471568,-1.005741,-0.561144,-1.320786,-0.966874,-1.19468,-1.15073,-1.01194,0.938828
933050500,0.735661,-1.615915,-0.649246,-1.313109,-0.967396,0.459686,-0.989174,-0.586944,-0.979167,-0.385306,0.400836,-0.169693,-1.40635,-0.19925,0.16357,0.852969
933050601,-0.41725,-0.683812,-0.790524,-0.775239,0.197709,-1.022703,-0.987181,1.634155,-0.67003,-0.130493,0.26854,-0.830194,-0.84064,0.08318,-1.34114,0.283008
933050602,-0.324973,-0.597502,-0.44389,-0.659982,-0.055575,-0.687031,-1.051252,0.143868,-0.809774,0.382571,0.312303,-0.767374,-1.01387,0.20766,-0.96924,0.374838
,,,,,,,,,,,,,,,,0.374838
