ID,Z_HAI,Z_LU,Z_DR,Z_LI,Z_GT,Z_DAV,Z_I,Z_LP,Z_NL,Z_CC,Z_LA,Z_DMR,Z_DM,Z_1960C,FAC_1,FAC_2,FAC_3,FAC_4
9330001.01,-0.397376,0.265062,0.796143,0.04451,0.051285,-0.466264,-0.560934,1.20933,-0.115038,0.651677,0.163869,-0.548096,0,-0.983425,0.55875,0.049,-0.75679,-0.82848
9330001.02,-0.386447,-0.045215,0.107751,0.054294,0.051072,-0.360525,-0.09618,0.885616,0.14801,0.18064,-0.136566,-0.313165,0,-0.936788,0.53808,-0.29347,-0.16744,-0.62907
9330002.01,-0.262369,-0.1232,0.176893,0.048977,0.046165,-0.095011,-0.42039,0.383151,0.114243,0.279786,-0.107648,0.592895,0,-0.451817,0.24828,0.15573,-0.47232,-0.15366
9330002.03,0.056301,0.469338,-0.430771,0.046637,0.050858,0.788345,0.002727,-0.12655,1.128657,0.327267,-0.882292,-0.780536,0,0.12453,0.86688,-1.09564,0.00432,0.4614
9330002.04,-0.111736,-0.065903,0.066412,0.036853,0.049365,0.145079,-0.339374,0.454752,0.059376,0.486073,-0.383683,0.116331,0,-0.624174,0.35581,-0.28794,-0.58862,-0.20432
9330003.01,-0.528945,1.412014,0.677209,0.058335,0.060884,0.372806,1.00476,0.07941,0.945038,-1.920434,-0.969135,-0.488898,0,0.70122,1.0511,-0.73645,1.61424,0.34514
9330003.02,-0.546903,2.57049,1.012499,0.055145,0.055978,0.399692,1.247437,-0.083055,0.818641,-1.027474,-0.971975,-1.183427,-0.324834,0.951739,1.05787,-0.83931,1.52974,0.29869
9330004.01,-0.386693,0.082159,0.12022,0.051104,0.051712,0.5846,1.138544,0.381061,0.550986,-1.103879,-0.196916,0.761378,0,0.714697,0.48446,-0.02222,1.05117,0.68818
9330004.02,-0.242845,0.172158,0.684285,0.047701,0.055125,0.314395,1.340221,-0.053413,0.709998,-1.27029,-0.89086,-0.371759,0,0.677114,0.42938,-0.62475,1.47509,0.41202
9330005,-1.215891,0.069085,2.911533,0.065779,0.044672,-0.772016,0.695608,0.723026,-0.249894,-1.382067,2.373517,0.182068,0,0.120464,-0.63402,2.0864,1.26303,-0.67741
9330006.01,0.029809,0.491727,-0.09644,0.049615,0.041472,1.363654,0.574831,0.234259,0.642094,-0.779774,-0.588237,0.645211,0,0.702312,0.39482,-0.26393,0.76174,1.19069
9330006.02,-0.313388,-0.637774,0.233106,0.063865,0.044672,1.268347,0.054955,0.229263,0.612841,-0.48094,-0.690139,1.375402,0,0.411124,0.39068,0.23983,0.33269,1.07708
9330007.01,0.948674,-0.400896,-0.149701,0.051104,0.038912,2.454552,-0.066209,-0.247451,0.029628,0.234539,0.156872,0.675478,-0.333714,1.125436,-0.20818,0.25789,0.04788,1.88872
9330007.02,3.823515,-0.03327,-0.407675,0.045574,0.032513,4.4718,0.578143,-0.485314,0.211435,-0.143696,-0.640565,0.007802,0,1.310198,-0.33841,-0.91704,0.95987,3.58632
9330008.01,0.488981,1.746617,-0.332204,0,0.042752,0,15.273156,1.437549,-0.658204,1.762747,-0.292471,2.883052,0,-0.842035,,,,
9330008.02,4.431907,-1.180377,-0.997798,0.036428,0.031233,3.38045,-0.446897,-0.860955,-0.298351,0.426993,-0.314522,-0.353233,0,1.427748,-0.94494,-0.80522,-0.08019,3.13926
9330009,0.331503,-0.372058,0.916335,0.070459,0.039126,2.829,1.071085,0.360746,0.17796,-1.03762,0.896835,0.375729,0,1.434009,-0.25481,0.79358,1.57243,2.04011
9330010.01,0.353114,-0.129322,-0.007719,0.067056,0.042752,1.927863,0.826653,0.367155,0.583185,-1.107748,0.499631,1.478521,0,0.377151,0.21307,0.41645,1.13955,1.49415
9330010.02,-0.112872,-0.230282,0.629263,0.08237,0.045952,3.574206,0.391909,0.075214,0.752901,-1.070016,0.087838,-0.235708,0,0.224944,0.30693,-0.06966,1.50556,1.71607
9330011,-0.206622,1.356738,0.476507,0.058973,0.053418,0.414959,0.296412,0.229263,0.566607,-0.359934,-0.319262,0.886405,0,0.211377,0.93214,0.06148,0.3099,0.42018
9330012,0.023792,0.040764,0.076976,0.039618,0.044885,0.805103,0.004766,0.130139,0.193492,-0.259278,-0.58725,0.353539,0,1.187292,0.21811,-0.03545,0.0028,0.9572
9330013.01,-0.549051,0.006105,0.471098,0.054081,0.060244,0.320617,0.365964,0.644573,1.153135,-0.223803,-0.722469,1.666535,-0.334575,0.435925,1.37795,0.17164,-0.05272,0.657
9330013.03,-0.372449,-0.388482,0.376988,0.051529,0.056831,0.431734,0.516207,0.222309,0.62544,-0.90051,-0.634114,-1.18578,0,0.272619,0.47979,-0.75372,0.88664,0.09676
9330013.04,-0.595896,1.841501,0.571888,0.05557,0.058111,0.367045,0.261586,0.373855,1.347374,-0.812045,-1.044237,0.260162,0,0.291639,1.58115,-0.5571,0.50129,0.37515
9330014.01,-0.367783,-0.626537,-0.016363,0.050466,0.056405,0.279866,0.239606,0.672386,2.103378,0.045694,-1.021333,0.892954,0,0.125553,1.56782,-0.52766,-0.14327,0.6807
9330014.02,-0.904681,1.867473,0.577429,0.06897,0.065364,0.255591,0.487478,0.909001,2.222183,-0.425047,-0.19948,-0.267075,0,0.079097,2.31806,-0.52192,0.49696,0.19111
9330015.01,-0.267127,0.55936,-0.236749,0.048126,0.054271,0.593887,-0.383387,-0.146797,0.973209,0.348978,-0.863196,-0.519088,0,0.404804,0.97652,-0.77006,-0.33413,0.38052
9330015.02,-0.285668,0.437932,0.1507,0.051529,0.052991,0.484313,0.377975,0.340219,0.78431,-0.323942,-0.695647,-0.910228,0,0.715331,0.81234,-0.68364,0.47365,0.4207
9330016.01,-0.735262,-0.142406,0.927114,0.066843,0.056831,0.126259,0.295065,1.043931,1.364146,-0.374755,-0.07958,1.32674,0,-0.315975,1.31272,0.41967,0.19286,0.24429
9330016.04,-0.569189,0.285953,0.154728,0.053869,0.051712,-0.243596,0.287042,0.550732,0.482036,-0.459149,-0.753368,1.152956,0,-0.155104,0.76433,-0.05169,0.16574,0.01902
9330016.05,-0.910083,-0.875166,1.508481,0.05557,0.056831,-0.054952,0.46624,0.628664,0.61993,-1.296194,-0.111232,-0.669383,0,0.102059,0.33206,0.10072,0.98175,-0.22051
9330016.06,-1.115326,0.874823,0.694122,0.071522,0.042965,-0.971554,0.529457,0.468237,0.532361,-2.151745,-0.047039,-1.451334,0,-1.068409,0.04568,-0.5446,1.84177,-1.18518
9330017.01,-0.47679,1.319625,0.306329,0.055145,0.058538,0.432944,-0.042497,0.586987,1.480419,-0.183028,-0.929355,-0.435754,0,0.243596,1.67895,-0.76372,0.06085,0.33108
9330017.02,-0.537294,1.512015,0.165219,0.054719,0.056405,0.049568,0.140165,0.345348,1.457712,-0.743954,-0.434194,0.695116,0,0.383697,1.46664,-0.24918,0.25854,0.37424
9330018.01,-0.619318,1.294672,0.397661,0.0611,0.058325,0.266011,-0.098882,0.637176,1.878616,-0.039625,-0.849876,-0.19812,0,0.363728,1.90118,-0.59414,-0.03684,0.40149
9330018.02,-0.290027,-0.305624,0.250444,0.040256,0.048512,0.210264,-0.066429,0.158631,0.427324,0.131709,-0.69043,1.176747,0,1.469417,0.48125,0.36137,-0.44823,0.9118
9330019,-0.310502,-1.383857,0.199284,0.045999,0.049152,0.820243,-0.216265,0.19058,0.065791,0.042069,0.046914,-0.071941,0,1.476992,-0.024,0.38227,-0.24066,0.86186
9330020,0.815509,-0.712852,-0.682573,0.055145,0.042539,2.826115,0.349933,0.119382,0.256587,-0.308083,-0.263805,0.618458,0,1.263775,0.12282,-0.16584,0.48984,2.15562
9330021,7.587444,-1.495707,-0.899839,0.032387,0.028459,7.124263,-0.425727,-0.453266,0.041184,-0.002612,-0.83806,1.003019,0,3.24979,-0.53711,-0.75007,0.06227,6.68126
9330022,-0.71055,0.845008,1.6365,0.08322,0.049578,0.953894,1.432794,1.006137,0.033543,-1.970918,1.816567,1.129792,0,0.493916,0.20368,1.52965,1.95996,0.60116
9330023,2.516359,-1.130632,-0.645487,0.038767,0.032726,3.53506,-0.151093,-0.463002,-0.15172,0.349829,-0.554152,0.177064,0,2.362822,-0.56573,-0.25522,-0.02701,3.22697
9330024,2.988976,0.273399,-0.650232,0.037066,0.033153,3.659291,-0.058211,-0.7416,-0.294355,0.021144,-0.510061,0.720137,0,2.513394,-0.42556,-0.20882,0.13149,3.46899
9330025,1.710123,-0.708805,-0.446292,0.036215,0.034859,2.65561,-0.053775,-0.646344,-0.257238,-0.115527,-0.243201,-0.730492,0,2.504032,-0.72962,-0.27299,0.29062,2.46233
9330026,1.600625,-0.789615,-0.552075,0.046212,0.036992,3.246861,0.256847,-0.32271,0.131041,-0.239012,0.301336,-1.318716,0,1.775541,-0.51617,-0.51605,0.74356,2.3541
9330027.01,0.446618,0.129862,-0.947213,0.054719,0.042325,2.623057,1.072756,-0.038566,0.554897,-1.002451,0.135508,0.277834,0,0.892258,0.13967,-0.48088,1.32929,1.78317
9330027.02,0.617787,-0.159863,-0.562976,0.078754,0.037632,2.783024,1.948425,0.485294,0.820365,-2.37203,-0.248988,-1.123921,0,0.512053,0.00745,-1.10965,3.02734,1.73852
9330028,1.846481,-2.13111,-0.037984,0.041107,0.031873,4.121396,0.036854,-0.474759,0.092752,-0.191352,-0.693481,1.490369,0,2.630109,-0.69859,0.40488,0.26076,3.71968
9330029,0.486064,-1.141819,0.610943,0.043021,0.035712,1.143983,-0.646498,-0.06207,-0.418593,0.481048,-0.211058,0.362903,0,1.581582,-0.59811,0.68459,-0.54687,1.31856
9330030,0.302126,-0.229059,0.196673,0.035577,0.042539,0.736433,-0.539739,-0.044658,-0.09089,0.523652,-0.375848,0.904991,0,1.711165,0.03539,0.51704,-0.81438,1.2313
9330031.01,0.367296,-1.488737,0.80559,0.035152,0.036352,1.227628,-0.625704,-0.247121,-0.337548,0.75263,-0.117287,0.69858,0,3.073978,-0.6159,1.18408,-0.86152,1.97191
9330031.02,-0.231395,-0.52824,0.595403,0.045786,0.044672,0.303874,-0.302659,-0.030443,0.328068,0.262192,-0.568111,-0.279681,0,1.307002,0.09803,0.1213,-0.25211,0.64841
9330032,-0.460121,-0.754468,0.620892,0.045148,0.046592,0.02607,-0.311276,0.363357,0.429825,0.486455,-0.418941,0.454852,0,1.46993,0.3594,0.51162,-0.61199,0.69188
9330033.01,-0.314892,-0.336367,0.188813,0.040682,0.046379,0.262713,0.021141,-0.135643,0.251334,-0.489706,-0.603262,-0.496137,0,1.333227,0.0076,-0.19947,0.23894,0.54805
9330033.02,-0.538092,-0.530171,0.515089,0.047913,0.055978,0.271168,0.338489,0.572261,1.394857,-0.57145,-0.768477,0.505007,0,0.740813,1.06436,-0.16805,0.24598,0.65223
9330034.01,-0.747756,0.121779,0.354197,0.05557,0.061311,0.116836,-0.211403,0.655208,1.828379,-0.282098,-0.806783,-0.789693,0,0.418819,1.63222,-0.70749,-0.02916,0.21007
9330034.02,-0.412786,0.248164,0.648913,0.051316,0.053418,0.097146,-0.074774,0.646476,1.100939,0.118011,-0.651208,0.824176,0,1.33576,1.21479,0.27767,-0.38088,0.84584
9330035.01,-0.541285,0.173875,0.554899,0.054719,0.060458,0.251771,0.331196,0.782538,0.944209,-0.391075,-0.388403,-0.070328,0,0.716988,1.21437,-0.13742,0.21918,0.39136
9330035.02,-0.498278,0.600192,0.551201,0.052167,0.054058,0.025276,-0.369659,0.745569,0.864977,0.28113,0.065861,3.083913,0,0.270004,1.28957,1.1243,-0.95398,0.63691
9330036.01,-0.447781,-0.134862,-0.07401,0.054507,0.057685,0.247941,-0.10053,0.419817,1.373737,0.211753,-0.745221,-0.418701,0,0.658466,1.28778,-0.58372,-0.22211,0.43317
9330036.02,-0.307033,-0.792593,-0.267147,0.051954,0.052778,0.462564,-0.197932,0.171759,0.898541,0.049267,-0.888434,-0.489978,0,0.468792,0.68556,-0.65303,-0.10833,0.42158
9330037.01,-0.487227,0.328561,1.309423,0.042809,0.041472,0.138865,-0.309294,0.142061,0.029835,-0.028287,-0.137358,0.325097,0,2.329988,0.0447,0.97668,-0.27791,0.95706
9330037.02,-0.74708,0.12873,1.76573,0.058548,0.047445,0.039115,-0.244733,0.340219,0.008268,0.34273,0.719958,1.047217,0,1.356209,0.19588,1.59894,-0.3802,0.50316
9330038,-0.629233,0.028412,2.016946,0.057059,0.036352,-0.373512,-0.199433,0.072479,-0.378179,-0.236033,0.804765,0.895558,0,0.361552,-0.65886,1.55741,0.16006,-0.0725
9330039.01,-0.423775,-0.859234,2.023093,0.039618,0.034432,0.058581,-0.519979,-0.754892,-0.648804,0.224745,2.15968,2.130411,0,1.363673,-1.40751,2.72079,-0.5317,0.57455
9330039.02,-0.318852,-0.697611,0.95036,0.045999,0.038059,-0.415921,-0.364348,-0.004598,-0.438762,0.401212,1.714187,1.227332,0,-0.691215,-0.86112,1.45792,-0.45021,-0.47473
9330040.01,-0.915517,-0.532449,2.444434,0.049189,0.034006,-0.639781,-0.638242,-1.226127,-0.637981,0.21746,2.0674,-0.050353,0,1.144392,-1.67186,2.18354,-0.08719,-0.33222
9330040.02,-0.637521,-1.727201,2.270139,0.04685,0.035926,-0.490158,-0.43027,-0.681161,-0.636903,-0.139615,2.330045,-0.000034,0,0.865188,-1.77446,2.17781,0.06604,-0.25528
9330041.01,-0.425648,0.003587,1.946623,0.042596,0.036139,-0.148557,-0.348741,-0.438185,-0.618565,-0.077219,1.829859,1.043225,0,0.921273,-1.10567,2.04922,-0.1417,0.14778
9330041.02,0.229772,-0.975378,0.712929,0.044936,0.034219,0.428518,-0.196808,0.003481,-0.505037,0.132188,0.710858,0.200121,-0.341612,0.522633,-0.93258,0.81611,-0.04657,0.4436
9330042,0.450793,-0.39862,0.526398,0.03345,0.037846,1.763382,-0.5451,-0.479788,-0.563712,0.130909,0.015911,0.804806,0,2.357638,-0.61204,0.89402,-0.454,1.83164
9330043.01,0.967246,0.156535,0.585822,0.048339,0.035712,2.527564,0.330331,-0.536652,-0.339568,-0.808001,0.155769,-0.313165,0,1.822069,-0.72268,0.23743,1.00803,1.96398
9330043.02,2.40459,-1.679648,-0.589793,0.034939,0.033153,3.261698,0.371241,-0.544068,-0.230955,-0.390827,-0.422044,-0.646576,0,2.762838,-0.95924,-0.42757,0.68327,3.09717
9330044,2.204105,-0.752306,0.450534,0.040256,0.034432,3.883331,-0.492462,-0.642947,-0.460229,0.378902,0.493879,2.351019,0,1.340935,-0.74239,1.09232,-0.38277,3.05738
9330045.01,0.708129,-0.318216,0.923539,0.044085,0.032513,1.602542,-0.446795,-0.485314,-0.657863,0.318363,0.554253,-0.358802,-0.337167,2.038981,-0.9686,0.86458,-0.09493,1.5127
9330045.02,0.166965,-0.073338,1.152803,0.042596,0.034219,1.068667,-0.194739,-0.431901,-0.635616,0.031862,0.890024,1.179718,0,1.714651,-0.89003,1.50555,-0.09418,1.24476
9330046,-0.52787,-0.604006,2.106762,0.053018,0.035499,-0.1022,-0.237001,-0.468841,-0.586233,-0.44796,1.880684,1.047854,0,0.802669,-1.29972,2.16366,0.24318,0.13731
9330047.01,0.430963,-0.561515,1.462282,0.041107,0.033366,0.304397,-0.783333,-0.768813,-0.682228,0.46955,2.166669,1.25005,0,0.745712,-1.38275,2.06385,-0.62197,0.49628
9330047.02,-0.69778,0.363046,2.296393,0.053231,0.032299,-0.404156,0.356722,-0.651599,-0.706671,-0.483367,2.400989,2.202327,0,0.558387,-1.4016,2.67292,0.52805,0.00623
9330048,-0.024218,-1.658904,1.242066,0.049189,0.033579,0.334161,-0.471213,-0.450361,-0.593314,-0.10778,1.602056,1.379197,0,0.224774,-1.43469,1.78841,-0.12172,0.328
9330049.01,0.206657,-0.114913,0.846786,0.040256,0.032513,-0.197758,-0.283948,-0.637335,-0.567169,0.061374,1.044135,0.699252,0,-0.694769,-1.21132,0.85218,-0.0138,-0.33858
9330049.02,0.222405,-0.318216,0.993299,0.041745,0.040832,-0.139211,-0.603421,0.057032,-0.582693,0.561763,1.398415,3.316035,-0.253691,-1.068549,-0.53882,1.87281,-1.01662,-0.06249
9330050.02,-1.13884,1.1027,2.178465,0.073011,0.052778,-0.527304,-0.233023,0.419817,-0.168543,0.179773,1.911002,2.203756,0,0.253231,0.37025,2.42131,-0.35767,-0.24386
9330050.03,-1.08337,0.354515,1.461313,0.074287,0.045952,-0.925271,-0.571105,-0.261883,-0.523328,0.479576,2.321465,1.971054,0,-0.064427,-0.41302,2.41486,-0.54766,-0.63643
9330050.04,-1.223197,0.477805,1.433603,0.06897,0.053845,-1.120629,0.161355,0.652266,-0.344317,-0.095307,2.263629,1.45581,0,-0.20175,0.11532,2.00183,-0.05829,-0.84913
9330051.01,-0.262031,-0.464221,0.385811,0.039618,0.047232,0.340788,-0.381955,-0.059853,0.457641,0.826363,-0.125805,1.401481,0,2.526277,0.42315,0.99403,-1.02757,1.39817
9330051.02,-0.26903,0.969655,0.450534,0.044936,0.052352,0.162334,-0.576276,0.483084,1.248791,0.29001,-0.444053,0.437309,0,0.556786,1.29483,-0.03819,-0.69117,0.49584
9330052.01,-0.681511,1.440923,0.831671,0.053656,0.063871,0.24161,-0.267335,1.344672,1.349001,0.202067,0.074313,-0.366836,0,0.625411,2.0062,-0.00123,-0.50775,0.26956
9330052.02,-0.452754,-0.075103,0.363563,0.048551,0.054058,0.162411,-0.152851,0.242836,1.254468,0.257336,-0.545317,-0.26492,0,0.693422,0.98749,-0.28762,-0.26459,0.40056
9330053.01,-0.336902,0.553288,-0.003995,0.050678,0.052138,0.233529,-0.364928,0.373655,0.888209,0.663651,-0.565588,1.08267,0,2.059819,1.24236,0.39911,-0.90125,1.19105
9330053.02,-0.083495,-0.318594,-0.257961,0.040469,0.047018,0.14037,-0.561932,-0.120973,0.453892,0.551119,-0.458607,0.840003,0,2.905227,0.48921,0.55012,-0.99852,1.4423
9330054.01,-0.182954,0.003309,0.671306,0.03579,0.042112,0.250738,-0.221775,0.124825,0.291244,0.433629,-0.263805,1.407875,-0.329566,2.966159,0.29946,1.10557,-0.76989,1.58394
9330054.02,0.019526,-1.355346,-0.327841,0.044936,0.050218,0.379011,-0.215832,0.062729,1.054857,-0.012852,-0.568111,-0.070328,0,2.026533,0.52464,-0.12741,-0.31863,1.21322
9330055.01,-0.970711,0.794869,1.462236,0.063653,0.053845,-0.370815,-0.359664,1.145662,0.443307,0.407977,0.772286,3.840918,0,1.406707,1.28758,2.40649,-1.13664,0.85432
9330055.02,-1.003342,0.80835,1.582776,0.064503,0.047445,-0.501858,-0.479447,0.586432,-0.095318,0.660941,1.347892,2.394125,0,0.632804,0.44142,2.19385,-0.88392,0.08921
9330056.01,-1.205392,1.474696,2.698796,0.081731,0.053845,-0.468314,-0.706141,2.18122,-0.142999,0.739641,2.224936,3.442007,0,0.959196,1.36525,3.45801,-1.34732,0.3659
9330056.02,-0.681204,0.17143,1.786973,0.048764,0.042112,-0.166571,-0.812998,0.587182,-0.541423,0.803406,1.82053,0.948496,0,1.423236,-0.22093,2.22252,-1.06848,0.29668
9330057.01,-1.745022,3.722036,3.303179,0.138308,0.113148,-0.630169,0.351465,2.217376,3.174102,0.417786,1.437369,2.861342,0,0.263347,5.33764,2.07206,-0.42429,0.03134
9330057.02,-1.186728,2.560203,2.088877,0.078754,0.068991,-0.067753,-0.547204,1.364139,1.61047,0.627733,1.615485,0.599574,0,1.542904,2.49567,1.639,-0.85295,0.45378
9330058,-1.916006,3.557265,3.310408,0.156812,0.101842,0.116774,0.005346,11.853054,11.828043,-0.464639,5.010839,2.12952,6.398624,0.3078,11.78515,2.38431,-1.42993,2.55508
9330059.06,-0.970465,1.461218,2.293436,0.091728,0.043819,-0.090526,-0.539002,-0.6391,0.082274,-0.082483,3.127038,-0.074999,0,0.956859,-0.37005,2.38524,0.37842,-0.13508
9330059.07,1.393541,-1.267101,0.163682,0.036428,0.031233,0.516822,0.097917,-0.847839,-0.314513,-0.975608,0.405991,-0.935269,0,0,,,,
9330059.08,0.633842,-0.903036,0.498678,0.041958,0.033579,0.263837,0.158085,-0.149357,-0.389436,-0.371326,0.386368,-0.780536,0,-0.888062,-1.14035,-0.15649,0.64916,-0.21806
9330059.09,-0.662171,0.559818,1.624641,0.06663,0.032513,-0.581786,0.085286,-1.257057,-0.507905,-1.408529,1.836285,-0.102094,0,-1.063046,-1.64426,1.13546,1.44971,-1.06465
9330059.1,-0.470313,-1.397781,1.485835,0.070246,0.033366,-0.653789,-0.244588,-0.985162,-0.525044,-1.19785,2.043852,0.183155,0,-0.771779,-1.88054,1.5188,1.02475,-0.82541
9330059.11,-0.302459,-0.496795,1.448628,0.069395,0.030166,-0.523483,0.465518,-1.133235,-0.582335,-2.422815,1.649547,-1.237857,0,-0.799076,-2.11149,0.66284,2.33593,-0.95041
9330059.12,-0.116464,-0.520769,1.008676,0.050253,0.032513,-0.381362,0.582106,-0.607758,-0.288727,-1.642939,0.043883,-1.756977,0,-0.90973,-1.45701,-0.46008,1.83226,-0.82787
9330060.01,-1.050493,-2.132821,2.730821,0.0611,0.041685,-0.574891,0.228184,-0.745373,-0.614235,-0.363245,2.157021,-0.005032,0,0.176201,-1.76453,2.10759,0.76019,-0.67501
9330060.02,-1.032934,-0.105932,2.411036,0.064929,0.042112,-0.62493,-0.256516,-0.936218,-0.559205,-1.099274,2.730448,0.392471,0,-0.325329,-1.44493,2.16429,0.80887,-0.92285
9330061,-0.955209,-1.262566,3.02768,0.050678,0.040192,-0.333294,-0.178322,-0.991414,-0.581817,-1.054685,2.217066,-0.593331,0,0.194829,-1.86572,1.93323,0.91877,-0.69492
9330062,-0.646424,-1.394728,2.163608,0.036641,0.045952,-0.521619,-0.201417,-1.347874,-0.659827,-0.340835,2.487476,1.721389,0,0.659077,-1.64394,2.51105,-0.06628,-0.23471
9330063,-0.87736,-0.398135,2.256025,0.060675,0.039339,-0.634506,0.032468,-0.292326,-0.62571,-0.932861,2.668481,1.545418,0,0.58048,-1.2523,2.65992,0.52766,-0.24376
9330064,-1.206589,0.268704,2.82755,0.084071,0.038912,-0.752548,0.017264,-0.440118,-0.57344,-1.713949,2.967843,-0.222559,0,0.953867,-1.34002,2.54763,1.43008,-0.52091
9330065,-1.088712,0.920932,2.591709,0.080455,0.038059,-0.561621,-0.034485,-0.706534,-0.529596,-2.449338,1.953943,-0.286813,0,0.95371,-1.23659,1.92689,1.79268,-0.37792
9330066,0.241775,0.323363,1.137013,0.055783,0.032086,0.57793,1.280875,-0.423929,-0.183495,-2.553392,0.340582,-0.45063,0,-0.900485,-1.25715,-0.13952,2.61731,-0.07858
9330067.01,-1.203458,-1.386806,2.817093,0.08003,0.048085,-0.630647,0.306931,-0.740962,-0.49856,-1.103252,3.245703,0.555902,0,-0.115385,-1.50831,2.65041,1.18931,-0.84341
9330067.02,-0.319496,0.489726,1.889374,0.072373,0.036779,0.889686,0.823532,-0.190282,-0.263518,-2.899334,0.654548,-0.857181,-0.323017,-0.911133,-1.06753,0.26566,2.71198,-0.22132
9330068,-0.800985,-0.516559,2.530104,0.056421,0.039552,0.057929,0.489475,-0.952949,-0.621288,-0.82388,2.17816,0.609918,0,0.980466,-1.53575,2.1821,1.04253,0.04737
9330069,-0.477189,0.922892,0.972359,0.101937,0.038272,1.224925,2.049917,0.274717,0.206853,-4.423644,-0.063783,-0.402037,0,-0.454515,-0.44966,-0.26501,4.26313,0.39219
9330100.01,0.189589,-0.575635,0.555226,0.033237,0.039979,0.418907,0.359497,0.236523,-0.58785,0.164286,0.518697,0.09442,-0.330107,1.247615,-0.61155,0.6335,0.00868,0.65344
9330100.02,-0.236736,-1.185042,0.577037,0.04132,0.040832,-0.094311,-0.161632,0.178039,-0.64725,0.153456,0.483437,0.519,0,0.5393,-0.71362,0.84745,-0.28747,0.10659
9330101.03,-0.7911,-0.064838,1.34279,0.056208,0.043179,-0.833266,0.557694,0.056504,-0.520751,-0.836867,2.005728,0.628988,0,-0.640143,-0.87398,1.39752,0.81575,-0.9018
9330101.04,-0.866432,-0.260536,1.471441,0.058973,0.049152,-0.64048,1.077801,0.903122,-0.387324,-1.423363,1.597284,0.200747,0,-0.459154,-0.40101,1.0759,1.31158,-0.7485
9330101.05,-0.420184,-0.713904,0.626858,0.045786,0.041899,-0.409038,0.376623,0.432416,-0.571435,-0.926301,1.000479,1.398533,0,-0.084835,-0.6725,1.11594,0.42048,-0.17049
9330101.06,-0.535667,-0.63498,0.952133,0.061526,0.046165,-0.499997,-0.046925,0.973409,-0.374636,-0.477665,1.753906,-0.882566,0,-0.842463,-0.3966,0.7574,0.37459,-0.93336
9330102,0.079201,0.917113,-0.176156,0.037917,0.042752,-0.145657,-0.027685,1.127754,-0.50574,0.25168,-0.130729,1.343085,-0.286763,0.139725,0.42809,0.34823,-0.61254,0.21985
9330103,-0.465954,-0.32055,0.909865,0.038129,0.047872,-0.23902,0.401057,0.657486,-0.482721,-0.133379,1.175311,0.231126,0,0.2894,-0.2957,0.89604,0.06601,-0.21975
9330104,0.359407,-0.769439,0.077117,0.038342,0.041045,0.44121,-0.089486,0.068167,-0.550433,0.355977,-0.263805,0.340574,0,0.717214,-0.44162,0.20585,-0.31073,0.57606
9330110.02,1.142682,-0.01007,-1.20787,0.033876,0.039126,0.618734,-0.585719,-0.392544,-0.678688,0.827822,-0.733823,-1.310955,0,0.124656,-0.44571,-1.12215,-0.56472,0.28812
9330110.03,1.057005,-1.633016,-0.91075,0.029409,0.034432,0.867597,-0.764245,-1.126268,-0.696146,1.109239,0.013808,1.037689,-0.32198,0.307277,-1.19579,0.18772,-1.01983,0.80188
9330110.04,1.06293,-1.462681,-0.701902,0.028345,0.036992,0.58917,-0.788825,-0.038081,-0.683068,0.955643,-0.295967,1.166394,0,-0.171152,-0.66462,0.098,-1.17893,0.59328
9330111.01,0.324074,0.259487,-0.173388,0.02558,0.040619,0.133239,-0.947506,0.588948,-0.617836,0.907167,0.078443,0.112648,0,-0.701313,-0.09562,-0.0359,-1.23144,-0.24521
9330111.02,1.144216,0.786281,-1.113003,0.029834,0.039979,0.640985,-0.729971,-0.600181,-0.620013,0.925744,-0.189164,-0.303732,0,-0.611335,-0.35266,-0.7778,-0.81128,0.08717
9330111.03,0.080705,-0.670188,-0.98657,0.035577,0.038486,-0.379657,-0.10283,0.692269,-0.615646,0.530674,0.041972,1.396981,-0.329426,-0.622522,-0.25639,0.1596,-0.73866,-0.16998
9330112,-0.069712,-0.721509,-0.392047,0.034726,0.050645,0.329875,-0.667234,-0.583846,-0.576842,0.716489,0.441222,-0.607503,0,2.031563,-0.35578,0.34951,-0.90103,0.58539
9330113,0.043163,-0.622809,0.160428,0.039618,0.045739,0.101026,-0.332652,-0.002347,-0.519554,0.350935,0.770332,-0.198236,0,0.479587,-0.46434,0.464,-0.43711,0.04549
9330114.01,0.942381,-0.426615,-1.029352,0.039618,0.038699,0.4533,-0.926685,-0.495744,-0.653049,0.923454,-0.612862,-0.554389,0,-0.496322,-0.54111,-0.76736,-0.81285,0.04527
9330114.02,0.844426,-0.824808,-0.901803,0.028345,0.038272,0.457295,-0.82861,-0.527139,-0.652342,1.000747,-0.378471,-0.6357,0,0.445684,-0.70149,-0.49023,-0.94914,0.36919
9330115,0.352838,-1.206082,-0.498953,0.028133,0.040192,0.168132,-0.298613,-0.323041,-0.563712,0.26358,0.203221,0.816779,0,0.060092,-0.7999,0.22514,-0.53446,0.21027
9330116,1.74785,-0.810932,-0.559085,0.034514,0.036779,1.108212,-0.60454,-0.837839,-0.571488,0.42576,-0.532576,-0.102094,0,0.680454,-0.85066,-0.40049,-0.41244,1.10338
9330117,2.342888,-0.659085,-0.738743,0.023879,0.036992,0.847415,-0.607044,-0.525373,-0.591515,0.644637,-0.375655,-0.588048,0,1.557614,-0.72122,-0.46136,-0.71703,1.41875
9330118,-0.020565,0.315374,-0.179564,0.048764,0.044245,0.127103,0.378828,-0.00537,-0.442268,-0.190099,0.79769,-0.105058,-0.34067,0.85052,-0.30288,0.33461,0.30822,0.24776
9330119,0.870058,-1.609002,-0.699357,0.029834,0.038699,0.938789,0.130789,-0.956244,-0.654469,0.495612,0.266876,0.892954,0,2.379847,-1.0621,0.58172,-0.36863,1.59762
9330120,1.833987,-0.934265,-1.065426,0.041107,0.038272,0.914836,-0.121645,-0.531295,-0.545411,0.323596,-0.206884,-0.448743,0,1.221242,-0.72758,-0.46851,-0.12308,1.23574
9330121,1.950514,-1.284255,-1.201913,0.030685,0.036779,1.227637,-0.661028,-0.826908,-0.600001,0.605932,-0.491844,-0.171981,0,3.226496,-0.76459,-0.07145,-0.80664,2.24098
9330122,2.118245,-0.669637,-0.704937,0.032174,0.035072,1.08728,-0.3914,-0.637982,-0.529799,0.696002,-0.827507,-0.379266,0,-0.124015,-0.78283,-0.89521,-0.3445,0.87109
9330130.01,0.24291,-1.026305,0.596765,0.049402,0.050218,0.926018,-0.371965,-0.516237,-0.53248,0.235555,1.420268,1.440223,0,-0.156455,-0.62587,1.21931,-0.37841,0.36132
9330130.03,-0.453429,1.793624,0.80559,0.065992,0.054485,0.578726,0.912826,0.473306,-0.264857,-0.929678,1.778827,0.442338,-0.337283,0.103732,0.34351,0.89542,1.04188,0.0269
9330130.04,-1.188018,1.411111,2.067794,0,0.063018,0,1.438801,2.7172,-0.458993,-1.925297,1.895322,0.78247,-0.325535,-0.624256,,,,
9330131,1.94287,0.273631,-0.631696,0.032812,0.037206,2.071519,-0.195259,-0.279525,-0.512719,0.139053,0.37379,-0.346017,0,1.510558,-0.49632,-0.17499,-0.10578,1.82485
9330132,6.56252,0.007019,-1.360042,0.033876,0.030379,4.203775,-0.649736,-0.908025,-0.603485,0.671073,-0.568111,-0.620177,0,1.280942,-0.77314,-1.42053,-0.22288,3.87184
9330133.01,3.396422,-0.245487,-0.954523,0.030472,0.033366,2.203202,-0.584627,-0.893257,-0.669293,0.627527,-0.498041,0.575869,0,0.580779,-0.80894,-0.57574,-0.51447,2.06082
9330133.02,3.888993,-0.955654,-1.385561,0.029409,0.032513,2.188309,-0.334702,-1.075815,-0.609308,0.108592,-0.70009,-0.605062,0,-0.400781,-1.20573,-1.47753,0.13498,1.63128
9330134,3.698607,0.233202,-0.990515,0.051529,0.032299,3.552672,0.697084,-0.504769,-0.032273,-0.877118,-0.415126,-0.316286,0,0.19676,-0.56935,-1.29131,1.4395,2.61563
9330135,2.855135,-0.520572,-1.175896,0.039406,0.033579,2.832092,0.230944,-0.310741,-0.234152,-1.218298,-0.780106,0.422877,0,1.692021,-0.57419,-0.72854,0.82388,2.80916
9330140.02,1.513782,-1.10456,-1.024422,0.03345,0.034646,0.021638,-0.499305,-0.41579,-0.308186,0.689433,0.250795,-1.021274,-0.328242,-0.97091,-0.95298,-0.81207,-0.41446,-0.18104
9330140.03,-0.234986,-1.314633,0.810413,0.051954,0.047018,0.362259,0.415584,-0.064939,-0.191258,-0.1151,-0.37792,-0.003497,-0.30465,-0.222291,-0.42957,0.05937,0.50118,0.00289
9330140.04,0.34808,-0.222058,-0.869868,0.03345,0.038486,-0.052055,-0.182384,-0.497144,-0.084649,0.717218,-1.185279,-0.156716,-0.200246,-0.821742,-0.30342,-1.05067,-0.35844,-0.23929
9330141.01,0.350106,-0.82876,0.175803,0.034301,0.042752,0.195604,-0.470086,0.270096,-0.287264,0.45752,0.511545,-0.489112,0,-0.82958,-0.45752,-0.04353,-0.47718,-0.31781
9330141.02,0.088134,-0.541933,-1.2248,0.038555,0.040832,-0.322555,0.617617,-0.555819,-0.418084,0.338169,0.065861,0,0,0,,,,
9330142.01,0.269249,-0.690374,-0.96585,0.030472,0.043392,0.108564,-0.351137,-0.302973,-0.227582,0.41165,-0.722469,0.096916,-0.335129,-0.926724,-0.31607,-0.81016,-0.48562,-0.27312
9330142.02,0.329293,0.320107,-0.909992,0.043659,0.041685,0.3563,0.418457,-0.011858,0.085775,0.028001,-0.293549,-0.98577,0,-0.342791,-0.05289,-1.02485,0.42637,-0.01171
9330142.03,-0.110048,-0.311837,-0.387164,0.055996,0.048298,0.352509,0.880679,-0.102135,0.157925,-0.696595,-0.155049,1.098342,0,-0.432385,0.00772,-0.15086,0.8429,0.18045
9330143.01,0.328832,0.2576,-1.021045,0.047062,0.042539,0.409613,-0.080266,-0.395867,0.375224,0.109019,-1.000704,0.419046,0,-0.954449,0.17504,-0.99382,0.01451,0.06254
9330143.02,-0.425924,0.87675,0.081042,0.077903,0.054271,0.848229,0.187564,0.138384,0.768604,-0.135645,0.119032,1.113202,0,-0.253691,0.99572,0.19332,0.33309,0.43092
9330143.03,-0.163001,-0.247051,-0.742675,0.060249,0.049152,0.804126,1.086163,-0.058975,0.77656,-1.144087,-0.354747,0.176046,0,-0.540064,0.28454,-0.8276,1.37551,0.298
9330143.04,0.096607,0.242468,-1.225187,0.049189,0.044459,0.790325,0.371241,-0.474759,0.602603,0.016069,-0.881927,-0.026967,0,-0.856077,0.25332,-1.24435,0.42999,0.1511
9330144.03,-0.030972,-0.092103,-0.461797,0.043021,0.045739,0.286356,0.295065,-0.191543,0.162924,-0.991618,-0.783277,0.816274,0,-0.626592,-0.03604,-0.55644,0.58653,0.06354
9330144.04,-0.496989,0.979465,0.175483,0.06344,0.051072,-0.073589,0.306169,0.42102,0.408233,-0.574734,0.055871,0.917909,0,-0.75252,0.67448,0.06427,0.4436,-0.24799
9330144.05,-0.296443,0.188617,-0.787285,0.055783,0.051072,0.808366,-0.012419,-0.259336,0.905039,-0.63237,-0.687079,-1.11818,0,-0.650649,0.52363,-1.31147,0.62913,-0.03672
9330144.06,-0.304915,0.078571,-0.702155,0.046212,0.055125,0.214875,-0.057647,0.13977,0.383954,-0.246543,-0.770247,-0.640798,0,-0.859676,0.58387,-1.11265,0.09812,-0.40828
9330145.01,-0.127147,-1.127261,-1.152216,0.053869,0.047658,0.732804,0.225373,-0.19492,0.93537,-0.749495,-0.739712,0.169283,0,-0.742617,0.22377,-1.015,0.60929,0.24529
9330145.02,0.442351,0.480636,-1.245399,0.044936,0.043819,0.364375,0.200433,-0.367806,0.487735,-0.475524,-0.937469,-0.779855,0,0,,,,
9330146,-0.301416,-0.450422,-0.406836,0.050466,0.050645,0.08405,0.023674,-0.290474,0.109445,-0.191101,-0.811319,1.197658,0,-0.70862,0.15597,-0.29505,0.01297,-0.10983
9330147.01,-0.737595,0.319949,-0.648739,0.076414,0.041899,-0.211609,1.076555,0.086185,1.23906,-1.887672,-0.965826,-1.703332,0,-0.979185,0.31298,-1.63327,2.20274,-0.55373
9330147.04,-0.785053,-1.248012,-0.439316,0.062802,0.050432,-0.945991,0.338074,0.474089,0.76134,-0.664214,0.33172,1.197658,0,-1.079127,0.29005,0.14618,0.33417,-0.64621
9330147.05,-0.918924,0.666011,-0.458453,0.08003,0.048938,-0.825601,1.02069,0.418432,1.217762,-1.74919,-0.483582,-0.040816,0,-1.063774,0.77571,-0.82526,1.70188,-0.68233
9330147.07,-1.343009,-0.492409,0.411519,0.103852,0.055765,-0.80877,1.725289,0.623693,2.071203,-2.996379,0.036943,-1.037737,0,-0.991244,0.85187,-0.74488,3.06385,-0.74555
9330147.08,-1.078213,1.501819,0.393542,0.079179,0.052565,-1.075013,1.980462,0.608886,1.185167,-2.444107,0.159162,2.710147,0,-1.002274,0.97671,0.40223,2.15508,-0.40027
9330147.09,-0.837146,-0.16345,-0.213608,0.060888,0.049365,-0.995726,0.796004,0.437965,0.526707,-0.982423,0.699832,1.333056,0,0,,,,
9330147.1,-0.878864,0.549019,-0.587737,0.052593,0.054271,-0.880015,0.334944,0.682857,0.518384,-0.254222,0.359121,-0.195358,-0.333804,0,,,,
9330148,-1.119532,0.933967,0.488914,0.09109,0.058325,-0.486538,1.710682,0.365608,1.0945,-2.57732,0.324309,-1.141924,-0.341653,-0.663214,0.71405,-0.60608,2.76084,-0.75522
9330149.02,0.574565,0.320107,-0.879545,0.041107,0.041045,0.419671,0.322309,-0.329436,0.387859,-0.086206,-0.870958,-1.03989,0,-0.961588,-0.0428,-1.49183,0.53732,-0.11066
9330149.05,-0.221081,-1.094677,-1.083317,0.081519,0.047872,1.637715,1.4682,-0.158902,1.511615,-1.77568,-0.983074,-1.073665,0,-0.930741,0.35292,-1.75616,2.44411,0.5187
9330149.06,0.447416,-0.35177,-1.133252,0.061951,0.036992,0.966273,1.390696,-0.188745,1.022014,-1.521542,-0.923135,-1.557373,0,0,,,,
9330149.07,0.239227,1.151088,-0.908639,0.067056,0.045739,1.370947,0.847211,-0.149576,0.445225,-1.063641,-0.9004,-0.402037,-0.31263,-0.467037,0.44989,-1.28236,1.45112,0.53514
9330149.08,-0.335613,-0.486449,-0.864233,0.059824,0.043392,-0.202998,0.122058,0.283009,0.437312,-0.014014,-0.342699,1.723464,0,0,,,,
9330149.09,-0.382948,0.737502,0.004655,0.059824,0.048512,0.255706,0.9869,-0.120973,0.753364,-1.36036,-0.080194,1.406964,0,-0.82913,0.37124,-0.13915,1.27538,0.04954
9330150,0.079785,0.116173,0,0.023879,0.041472,-0.057587,0,-0.05445,-0.658204,0.993232,0.301336,2.190573,0,4.53454,,,,
9330151.03,0.361709,-0.21562,-0.839535,0.035152,0.043605,0.163686,-0.337603,-0.205725,0.448168,0.364892,-1.241433,-0.301357,0,-0.73157,0.18767,-1.20097,-0.34394,-0.04467
9330151.05,-0.285238,-0.148247,-0.459885,0.042171,0.053418,-0.276815,0.065513,-0.09362,0.247347,-0.219492,-0.71979,0.326335,0,-0.774529,0.3255,-0.65923,0.00172,-0.43964
9330151.06,-0.128651,-0.48847,-0.795668,0.047275,0.047658,-0.069966,0.02914,-0.043222,0.727041,0.098571,-1.084858,-0.905548,0,-0.874011,0.35221,-1.33756,0.14132,-0.37381
9330151.07,-1.292358,-0.88228,0.328548,0.100023,0.050645,-0.674207,0.906548,0.371919,1.11363,-1.926401,0.043281,-0.821375,0.467631,-0.616085,0.32604,-0.26876,2.05089,-0.67288
9330151.08,-0.341598,-0.57953,-0.719038,0.057697,0.047872,-0.060862,-0.028693,0.00222,0.983714,-0.150006,-1.231343,0.981749,0,-0.953742,0.61965,-0.73853,0.04695,-0.05343
9330160.01,1.289998,-0.747118,-1.38828,0.02792,0.039552,0.332341,-0.978473,-1.257567,-0.685939,1.357192,-0.792848,-0.373471,-0.311023,-0.934089,-0.84999,-1.07332,-1.07588,-0.13608
9330160.02,0.254944,-1.062047,-0.45953,0.029622,0.045525,0.026934,-0.938517,-0.421218,-0.684466,1.270411,0.187419,-0.591441,0,-0.474851,-0.62041,-0.20308,-1.18681,-0.43525
9330160.03,0.701376,-1.535946,-0.789569,0.02239,0.043392,0.096049,-0.987056,-0.799498,-0.705088,1.048197,0.256868,-0.642932,0,-0.725202,-1.0124,-0.41712,-1.09526,-0.41456
9330160.04,0.192106,-2.117108,-0.352525,0.023454,0.045099,-0.371441,-0.659487,-0.544919,-0.684695,1.293824,0.490901,0.176046,0,-0.695549,-0.99798,0.17266,-1.19835,-0.57975
9330161.01,0.418193,0.017511,-0.432555,0.036428,0.045525,0.200466,-0.916006,-0.617765,-0.21552,1.071002,-0.463959,1.574057,0.375238,0.421309,0.03797,0.27624,-1.33283,0.52464
9330161.02,-0.164628,-0.788869,0.177787,0.033663,0.047872,-0.380312,-0.853462,-0.106015,-0.625238,0.897562,0.602956,-0.028082,-0.23432,-0.62385,-0.47016,0.35182,-1.0667,-0.69225
9330161.03,0.188392,-1.013828,-0.749015,0.026219,0.044459,-0.372125,-0.857914,-0.415183,-0.602602,1.068046,0.145876,-1.24503,0,-0.900017,-0.70152,-0.63634,-0.99126,-0.87781
9330161.05,0.354127,-0.251662,-0.590501,0.033025,0.042752,-0.290787,-0.888227,0.102227,-0.593932,1.100543,-0.273157,1.273834,0,-0.746105,-0.12075,0.10215,-1.38889,-0.22991
9330161.06,0.555655,0.534505,-1.36608,0.023454,0.045312,-0.22267,-1.072979,-0.900049,-0.679796,1.361436,-0.243724,-1.128336,0,-0.940437,-0.38297,-1.09455,-1.25347,-0.79725
9330162.01,0.625032,-0.377316,-1.028679,0.026857,0.038912,-0.36313,-0.387864,-0.356843,-0.32301,0.660941,-0.810277,-1.013303,0,-1.051139,-0.5155,-1.24738,-0.46306,-0.60808
9330162.02,0.551665,0.088981,-0.825911,0.028771,0.043605,-0.42178,-0.581735,-0.747832,-0.225335,0.666505,-1.061942,-0.478213,0,-0.885639,-0.27989,-1.11909,-0.62807,-0.54289
9330162.03,-0.251225,-0.550198,-0.02941,0.036002,0.053418,-0.646151,0.007457,-0.485314,0.45303,-0.035153,-0.352626,-0.814974,0,-0.755892,-0.01005,-0.76957,0.05437,-0.79131
9330162.04,0.876658,0.230594,-1.402704,0.035364,0.039339,-0.123185,-0.856601,-0.976862,-0.450222,1.125298,-0.974572,-0.638404,0,-0.808079,-0.42511,-1.21678,-0.86182,-0.35511
9330163.01,0.309524,-1.638044,-1.185188,0.035364,0.039126,-0.435174,-0.282282,-0.609442,-0.213008,0.684124,-0.824615,0.725953,0,-0.781138,-0.66825,-0.56617,-0.59027,-0.26107
9330163.04,0.587704,-0.383204,-1.177206,0.032387,0.041899,-0.420972,-0.769915,-0.594118,-0.45951,0.999988,-0.806783,0.415989,0,-0.169205,-0.31747,-0.54335,-1.10331,-0.10627
9330163.05,-0.216537,0.482054,-0.200976,0.038767,0.054698,-0.700709,-0.022174,-0.086113,0.05239,-0.123665,-0.431254,0.606055,0,-0.532538,0.38487,-0.31995,-0.23163,-0.54385
9330163.06,-0.109342,0.427583,0.467713,0.044936,0.051285,-0.585503,0.259432,0.218155,0.120322,-0.076168,-0.295967,0.489596,0,-0.661851,0.32564,-0.11189,0.06679,-0.46852
9330163.07,-0.13832,0.608851,-0.455609,0.036215,0.052565,-0.747517,-0.153529,-0.038081,-0.165839,0.437789,-0.607803,0.770713,0,-0.616628,0.39501,-0.36641,-0.62596,-0.5712
9330163.08,0.009273,1.745279,-0.550519,0.038342,0.049365,-0.619513,-0.331305,-0.267799,-0.175575,0.473354,-0.778404,-0.140862,0,0.29575,0.50956,-0.61011,-0.57104,-0.27104
9330170.03,-1.053072,0.533362,-0.018705,0.053656,0.070697,-0.941353,0.094118,-0.222795,-0.623708,-0.098255,1.874999,-0.882566,0,-0.63866,0.17401,0.31735,-0.01464,-1.57367
9330170.04,0.290798,-0.096057,-0.012543,0.043021,0.043605,0.408065,-0.851073,-0.41914,-0.65192,0.990514,0.017851,0.547892,-0.336333,0.261025,-0.32209,0.36771,-0.99101,0.26302
9330170.05,-1.006197,-0.573339,0.275025,0.038767,0.065791,-1.139399,-0.43534,0.956833,-0.660354,0.89286,2.19572,-0.18172,0,-0.618129,0.27969,0.98626,-1.22441,-1.42707
9330170.07,-0.068054,-0.964028,-0.201326,0.038342,0.047872,-0.196891,-0.721927,0.291577,-0.617746,1.146081,0.494166,-0.821375,0,-0.113973,-0.27812,0.06006,-1.05373,-0.46003
9330170.08,0.194777,0.258635,0.083377,0.025155,0.042112,0.150601,-1.037797,-0.367806,-0.653107,1.395764,0.399835,0.945075,0,0.047036,-0.34027,0.60165,-1.53772,0.05191
9330180.01,1.567564,-1.650164,-1.350051,0.033237,0.036992,0.312731,-0.271352,-0.765437,-0.425744,0.371878,-0.932422,0,0,0,,,,
9330180.02,0.576438,-1.007124,-0.717611,0.033663,0.038912,0.283624,-0.054996,-0.652714,-0.451682,0.705115,-0.581502,-1.086856,-0.04268,-0.732001,-0.84664,-1.00246,-0.09127,-0.26586
9330181.03,1.415796,-0.5945,-0.475738,0.034939,0.038059,1.501134,-0.632836,-0.524987,-0.529193,0.874352,0.301336,0.376299,0,-0.07459,-0.6843,-0.01847,-0.69571,0.90487
9330181.05,-0.546227,-0.548726,-0.712304,0.033876,0.055978,-0.798798,-0.755037,0.246587,-0.61889,0.967962,0.82117,-0.889206,0,-0.683454,-0.02999,-0.14272,-1.17607,-1.19329
9330181.06,-0.070755,-0.966348,-1.111188,0.026006,0.053205,-0.528351,-1.030727,-0.763623,-0.713187,1.32915,0.033285,-1.198039,-0.140268,-0.791051,-0.48364,-0.74591,-1.32534,-1.08208
9330181.07,1.284289,-1.583432,-1.198594,0.027069,0.038059,0.462304,-0.757802,-0.983275,-0.649749,1.026149,-0.45678,-0.953656,0,-0.575149,-1.11092,-0.97788,-0.7458,0.01039
9330181.08,0.844303,-2.040451,-0.970608,0.0192,0.041685,0.777654,-1.020306,-0.846597,-0.664614,1.379501,-0.448134,-1.036837,0,-0.196875,-1.00407,-0.7841,-1.19515,0.1248
9330181.09,1.882243,-0.241423,-1.301226,0.029409,0.036566,0.710628,-0.326931,-1.146298,-0.418593,0.605721,-0.213517,-1.597375,0,-1.008466,-0.9955,-1.49051,-0.06012,-0.00078
9330181.1,0.139184,-0.126964,-1.168924,0.039406,0.049578,-0.170005,-0.514062,-0.588998,-0.361499,0.674337,0.142664,-1.582502,-0.335648,-1.00443,-0.30369,-1.0516,-0.43891,-0.90378
9330181.11,-0.813602,2.800433,0.674173,0.048764,0.060458,-0.726131,0.343593,1.113888,-0.47595,-0.340304,1.197844,0.386384,0,-1.051917,0.96861,0.44952,0.03577,-1.17292
9330181.12,1.591109,-1.023586,-1.315645,0.028345,0.038059,1.119154,-0.402885,-1.455747,-0.432814,0.870809,-0.944404,0.024548,0,-0.799329,-0.96693,-1.15648,-0.422,0.47465
9330181.13,0.24291,1.651162,-0.858774,0.047913,0.052352,0.008286,-0.292974,-0.898561,-0.526885,0.727088,-0.053583,-1.44911,-0.326655,-1.07337,0.03551,-1.12507,-0.17588,-0.90516
9330181.14,-0.247143,-0.919009,-0.716883,0.036215,0.048725,-0.616265,-0.759443,0.72402,-0.483866,0.611694,0.219704,-1.516202,0,0,,,,
9330182.01,1.811486,-1.280359,-0.90758,0.029834,0.038272,0.990442,-0.671843,-1.037552,-0.05694,1.041874,-1.038064,-0.8072,-0.321725,-0.415854,-0.70829,-1.24468,-0.60485,0.60714
9330182.02,1.195021,-1.669947,-1.229092,0.019625,0.035926,-0.120654,-0.416215,-0.711291,-0.446527,0.649735,-1.142912,0,0,0,,,,
9330182.03,0.763968,-0.71863,-0.790565,0.030898,0.043392,-0.078053,0.019122,-0.837839,-0.126464,0.211786,-1.009135,-1.456545,0,-0.896276,-0.62804,-1.51505,0.18049,-0.46262
9330182.04,0.575363,-1.392585,-1.27149,0.04685,0.038059,0.00063,-0.912043,-0.978849,-0.375057,1.068849,-0.758303,0,0,0,,,,
9330182.05,0.20681,0.042788,-0.524052,0.036641,0.047872,-0.175705,-0.625376,-0.859757,-0.21626,0.759266,-0.749246,0,0,-0.921575,,,,
9330182.06,-0.02956,0.31067,0.204969,0.049615,0.049792,0.199277,0,-0.143312,-0.418762,1.571999,-0.758303,3.004373,-0.267869,1.687089,,,,
9330183.01,0.19932,-0.935909,-0.76271,0.029834,0.040832,-0.487848,-0.851264,-0.112645,-0.574514,1.19323,-0.58725,-0.785964,0,-0.561455,-0.48436,-0.65418,-1.10804,-0.5927
9330183.03,-0.446184,0.050049,-0.165779,0.03345,0.048725,-0.821539,-0.838705,0.643433,-0.608583,0.975698,1.114795,0.812547,-0.337312,-0.469047,0.06089,0.777,-1.4555,-0.74196
9330183.04,0.105448,-1.288827,-0.616242,0.031961,0.036352,-0.656049,-0.499951,-0.286522,-0.559237,0.821893,-0.750878,-1.738452,-0.344704,-0.963248,-0.91658,-1.06206,-0.43251,-0.95404
9330183.05,0.442075,-0.94157,-1.292896,0.027707,0.038912,-0.502498,-0.711662,-0.611911,-0.590878,1.114853,-0.515902,-1.751368,0,-1.016285,-0.83705,-1.27759,-0.76051,-0.91151
9330183.06,-0.535637,0.495976,-1.104293,0.02792,0.052138,-1.004662,-0.187374,0.611704,-0.55188,0.318698,0.615303,-0.613164,0,-0.991951,0.15626,-0.49617,-0.65811,-1.28459
9330183.07,0.375984,-0.186179,-1.179438,0.027069,0.043605,-0.386543,-1.009543,-0.665532,-0.514714,1.298179,-0.66575,-0.769535,0,-0.92358,-0.36951,-1.00665,-1.21521,-0.7256
9330184.02,-0.863915,0.760162,-0.200384,0.060462,0.061311,-1.356267,-0.108576,1.006137,-0.235593,0.371305,0.218632,-0.730894,0.505734,-0.870756,0.91558,-0.27538,-0.40829,-1.40069
9330184.06,0.174517,0.383951,0.137672,0.030685,0.051498,-0.272714,0.501142,-0.588998,0.629944,-0.676703,-1.04339,-1.593756,0,-0.965968,0.06115,-1.56461,0.85444,-0.67327
9330184.07,-0.68854,1.18141,0.150305,0.041958,0.064938,-0.797305,0.006236,0.40521,0.295454,0.217621,0.321483,-0.669383,0,-0.863976,0.98493,-0.43817,-0.31793,-1.13464
9330184.08,-0.253037,0.121779,-0.693041,0.043021,0.056831,-0.72031,0.001047,-0.168295,0.432762,-0.750873,-0.8217,-0.379266,0,-0.942706,0.45313,-1.10676,0.25613,-0.79659
9330184.09,-0.005094,0.550435,-0.421831,0.036002,0.051498,-0.506068,0.163757,-0.285162,0.329565,-0.356417,-1.069653,-0.38379,0,-0.92931,0.31137,-1.17662,0.23655,-0.62984
9330184.1,-0.018171,0.116173,0.281971,0.046637,0.053845,-0.198133,-0.229203,-0.22629,0.299996,0.266467,-0.649451,-1.2706,0,0,,,,
9330184.11,0.296999,-0.068343,-0.0378,0.038342,0.046379,-0.00117,-0.275537,-0.217617,0.254375,0.165886,-1.244348,-1.624165,0,0,,,,
9330184.12,0.133044,0.180002,-0.762644,0.036215,0.044245,-0.513426,0.455671,-0.538727,0.272836,-0.847837,-0.541418,-0.458879,-0.075697,-0.992592,-0.27945,-1.1241,0.75327,-0.61386
9330184.13,0.796016,-1.720283,-0.565162,0.031961,0.041685,-0.010664,-0.457653,-0.443545,-0.10493,0.886064,-0.906229,-0.780536,0,-0.924883,-0.60879,-0.9999,-0.55303,-0.26758
9330184.14,0.367972,0.695917,-1.083681,0.02792,0.037206,-0.660149,-0.306185,-0.345423,-0.500209,0.375978,-0.893613,-1.651569,0,-1.061182,-0.46864,-1.50647,-0.17745,-0.9499
9330184.15,0.189528,1.543933,-0.777291,0.043447,0.052352,-0.299432,-0.373496,-0.593631,0.196274,0.463054,-1.188836,-1.468501,0,0,,,,
9330184.16,-0.09077,1.004418,-0.400866,0.039406,0.051285,-0.514937,0.247979,-0.026238,0.179841,-0.335835,-1.02724,-1.204507,0,-0.914709,0.39539,-1.38876,0.39715,-0.80569
9330185.05,-0.626347,3.332689,0.885651,0.063865,0.062591,-0.716537,0.729545,0.599378,0.447047,-0.832099,-0.806783,-0.445402,0,-0.838708,1.55841,-0.75814,0.91577,-0.89462
9330185.07,0.004944,0.860667,-0.41335,0.039193,0.050432,-0.326627,-0.173347,-0.600626,0.406359,0.512285,-1.133942,0.330677,0,-0.822215,0.47623,-0.89163,-0.37396,-0.39983
9330185.08,2.811944,-0.111772,-1.12767,0.03111,0.036992,0.892069,-0.933277,-1.044195,-0.431749,1.071702,-1.111515,-0.170756,0,0.074288,-0.53495,-1.09945,-0.91087,1.05721
9330185.09,-0.663461,0.303458,-0.109105,0.047275,0.054058,-1.00421,0.591424,-0.140316,0.505818,-0.503091,-0.361483,0.376945,0,-1.064405,0.36476,-0.51304,0.49295,-0.92538
9330185.1,-0.463007,1.429698,0.326711,0.046424,0.059391,-0.599216,1.267376,-0.502101,1.287171,-1.504382,-1.142912,-0.461485,0,0,,,,
9330185.11,-0.508961,0.749329,0.411626,0.049615,0.063658,-0.761909,0.817155,-0.098595,0.846549,-1.094998,-0.678241,-1.133326,0,-1.036622,0.76645,-1.18149,1.11989,-1.02429
9330185.12,-0.175648,1.989908,-0.332204,0.03026,0.050645,-0.549519,0.615557,-0.642947,0.944231,-1.085105,-1.037565,-0.504047,-0.331635,-0.813378,0.5609,-1.46442,0.89816,-0.60285
9330185.15,-0.575513,-0.056747,0.242425,0.041532,0.063658,-0.639595,0.713808,-0.65852,1.266257,-1.411036,-0.833227,-0.829255,0.432262,-0.97091,0.54293,-1.27186,1.1653,-0.85618
9330185.16,-0.349457,1.007293,0.540929,0.044723,0.058111,-0.643153,1.656912,-0.299437,1.36664,-1.905277,-1.216171,-1.044434,-0.32365,-0.899007,0.67647,-1.58292,2.09088,-0.68282
9330185.17,0.528058,-0.64468,-0.927873,0.037279,0.047232,-0.367015,-0.946616,-0.825469,-0.186638,1.186402,-0.571813,-0.625391,0,-1.047901,-0.28989,-0.90849,-1.02395,-0.65604
9330185.18,0.790153,-0.443004,-0.316976,0.035152,0.045952,0.136609,-0.063576,-0.47881,0.247605,0.291615,-1.298883,-1.646936,0,-0.925635,-0.15366,-1.60361,0.14453,-0.31831
9330185.19,-0.412172,0.821691,-0.288587,0.054081,0.052565,-0.744753,0.262185,-0.016768,0.632201,-0.483925,-0.937469,-1.538406,0,0,,,,
9330185.2,-0.39185,1.323785,0.306873,0.038129,0.056191,-0.566796,0.531,-0.37515,1.079356,-0.690692,-1.311508,0,0,0,,,,
9330185.21,-0.862042,0.480232,0.258843,0.065567,0.068777,-0.8081,1.787264,0.057032,0.832542,-1.787397,-0.111232,-1.133326,0,0,,,,
9330185.22,-0.565966,2.420024,1.118046,0.053018,0.069417,-0.343092,2.478414,-0.387807,1.798892,-2.175765,-1.272193,-1.22637,0,0,,,,
9330186.01,-0.337823,-0.655655,0.110521,0.042383,0.054058,-0.629845,0.146847,0.102227,0.023886,0.081364,-0.78185,-0.420133,-0.335894,0.253363,0.20286,-0.42052,-0.07741,-0.32653
9330186.02,-0.586533,3.110154,0.397229,0.064078,0.056405,-0.60917,-0.353028,0.157248,0.020562,0.458514,-0.220213,0.367709,0,0.844034,1.31184,0.2553,-0.51411,-0.13724
9330186.05,-0.742598,0.580891,0.813116,0.056634,0.061951,-0.845521,0.449492,-0.011975,0.764817,-0.658176,-0.578187,-0.71747,0,-0.798731,0.77796,-0.64461,0.70475,-0.95141
9330186.06,-0.395073,1.697576,0.504685,0.035364,0.061738,-0.595342,0.641819,-0.578083,1.202138,-0.866902,-1.117056,0.005433,-0.028242,-0.797224,1.01346,-1.09514,0.7133,-0.61219
9330186.07,-0.193913,0.117823,0.540503,0.039618,0.058751,-0.425896,0.987018,-0.441248,1.125071,-0.986057,-1.123801,-0.95003,0,-1.054203,0.47806,-1.3772,1.21651,-0.67671
9330186.08,-0.529743,0.132558,0.266021,0.054081,0.053631,-0.78775,0.804743,0.289409,0.604565,-0.866587,-0.727778,-0.494581,-0.204465,-0.470625,0.49067,-0.71495,0.94289,-0.60254
9330187.03,-0.069681,0.745027,-0.08572,0.033876,0.050005,-0.532549,0.424934,0.090763,0.24106,-0.327681,-0.877838,-0.461012,0,-0.84738,0.33002,-1.00777,0.34445,-0.63162
9330187.04,-0.576311,4.696305,0.12524,0.042383,0.073257,-0.674579,0.792489,-0.102135,0.755918,-1.481696,-1.226071,0.366648,0,0,,,,
9330187.05,-0.422609,1.327117,0.584055,0.051316,0.059818,-0.39881,0.3906,-0.213809,0.947582,-1.195226,-1.216171,-0.728676,-0.333296,-1.005136,0.90357,-1.19453,0.98163,-0.71202
9330187.06,-0.270074,-1.112577,-0.338446,0.040044,0.053418,-0.402211,-0.247976,-0.398627,-0.152447,0.454976,0.129258,-1.056458,0,-1.029402,-0.32614,-0.60007,-0.27394,-0.97814
9330187.07,0.850657,-0.646585,-0.966533,0.023241,0.040406,-0.016614,-0.497352,-0.534733,-0.217362,0.049955,-0.983074,0,0,0,,,,
9330187.11,-0.218809,0.456443,-1.129217,0.04685,0.043179,-0.88963,0.815871,-0.063277,-0.1829,-0.798034,-0.640565,-1.17028,-0.228476,-0.948974,-0.2397,-1.34956,1.03419,-0.98264
9330187.12,-0.382211,0.934694,-0.626783,0.042596,0.058538,-0.695116,-0.417762,-0.317097,0.027813,0.601708,-0.151361,-0.361757,0,-1.073852,0.55899,-0.70876,-0.63303,-1.06507
9330187.13,-0.24352,0.770317,0.10265,0.040682,0.050645,-0.380813,-0.105282,0.210033,-0.051025,0.608474,-0.897447,-0.702834,0,-0.853837,0.45036,-0.81675,-0.31655,-0.7214
9330187.14,-0.618765,-0.38747,-1.286134,0.044936,0.055978,-1.189036,0.21918,-0.001076,-0.167049,-0.46847,0.319449,-1.040651,0.90272,0,,,,
9330187.15,-0.456806,-0.522443,-0.685984,0.050678,0.055551,-0.635276,0.174689,0.19881,0.086315,-1.086161,-0.849876,-1.486576,0,0,,,,
9330187.16,0.346882,0.392161,-0.927766,0.02558,0.040192,-0.503732,0.081627,-0.221448,-0.272826,-0.231176,-0.786722,-0.680245,0,-1.017337,-0.37337,-1.2253,0.13935,-0.66902
9330188.01,0.720378,-0.491022,-1.087478,0.051529,0.037632,0.186874,0.227842,-0.608288,0.159348,0.076997,-1.194624,-0.588048,0,0,,,,
9330188.02,-0.187774,1.404736,-0.44305,0.062376,0.048085,-0.062688,-0.089845,-0.325075,0.176885,0.256508,-1.28943,-1.207113,0,0,,,,
9330188.04,0.118126,0.737182,-0.404991,0.039831,0.049578,-0.280925,-0.168017,-0.508608,-0.048631,0.170695,-1.055001,-0.305918,0.089006,0,,,,
9330188.05,0.761328,-0.443004,-1.251528,0.031749,0.042325,0.203764,-0.531975,-0.273799,-0.246825,0.745422,-0.895663,-0.981792,0,0,,,,
9330188.06,0.58095,0.673703,-0.025248,0.020263,0.049792,0.406082,-0.756793,-0.325075,-0.473133,1.28638,-0.60568,0,-0.259986,0.337336,,,,
9330188.07,0.68483,-0.615182,-1.250231,0.051104,0.038699,0.232261,0.248298,-0.826467,0.08438,-0.710141,-1.205705,-1.254334,0,0,,,,
9330188.08,0.376782,0.35665,-1.128796,0.052167,0.041685,-0.091184,0.110781,-0.7829,0.178209,-0.16866,-1.061942,-0.650879,0,0,,,,
9330189.03,-0.430253,0.059409,-0.646266,0.039831,0.051925,-0.725577,0.049175,0.452252,-0.531624,-0.031395,-0.872418,1.093974,0,0.686058,0.38136,-0.02421,-0.48765,-0.03133
9330189.05,-0.953735,1.082949,0.335717,0.056208,0.062164,-1.145323,0.280005,0.566007,-0.078495,-0.545086,0.72859,-0.118147,0,-0.961368,0.66166,0.0869,0.25367,-1.31934
9330189.06,-0.570018,1.359428,-0.049773,0.055358,0.058751,-0.885446,-0.241451,0.572261,-0.179743,0.374246,-0.263805,0.818349,0,-0.388564,1.01012,0.07278,-0.643,-0.66276
9330189.07,-0.644551,0.265931,-0.593117,0.040894,0.047232,-1.185921,-0.091977,0.593307,-0.460676,0.587614,0.319449,0.492152,0,-0.927857,0.12792,0.04109,-0.66716,-1.06864
9330189.08,-1.231516,1.578617,1.720564,0.087049,0.063231,-1.408878,2.515269,1.942071,0.306572,-2.195633,0.592645,1.232881,0,-0.333573,1.26329,0.8126,2.33465,-0.73439
9330189.09,-0.135343,0.801099,-0.816155,0.045148,0.052565,-0.480906,-0.259568,-0.242193,0.049078,0.421074,-0.930381,-0.531045,0,-1.043365,0.47566,-1.1363,-0.32121,-0.79923
9330189.1,-0.67046,0.344871,-0.021317,0.058761,0.049152,-1.005181,1.405802,0.7129,-0.035368,-1.161295,-0.680224,-0.038632,0,-0.952868,0.23643,-0.64653,1.40084,-0.88691
9330190.01,-1.046932,0.745341,0.730945,0.060249,0.058965,-1.147385,0.453147,1.131294,-0.261526,-0.626896,0.557084,0.165413,-0.315105,-0.732259,0.64024,0.39184,0.35357,-1.13779
9330190.03,-0.912877,2.702534,1.197693,0.059399,0.058538,-0.891214,0.525571,0.78016,-0.176971,-0.43956,-0.263805,2.004777,0,-0.176235,1.22294,0.74517,0.13889,-0.46366
9330190.04,-0.339879,2.055351,-0.278098,0.044723,0.051498,-0.657285,-0.711262,0.376413,-0.393438,0.801293,-0.543794,0.029217,-0.335648,0.406927,0.87087,-0.16976,-1.05606,-0.34205
9330190.05,-0.827722,0.013167,0.778292,0.056846,0.062164,-0.662088,0.384065,1.479911,-0.162139,0.130723,-0.263805,0.531119,0,0.943808,1.09702,0.55637,-0.29764,-0.04965
9330191.03,-0.485876,1.113344,0.361361,0.041958,0.065577,-0.571655,0.513867,0.141267,0.330477,0.147186,-0.863196,0.210505,0,0.428307,1.14702,-0.41108,-0.09607,-0.23593
9330191.04,-1.121987,0.735186,1.097078,0.068119,0.057898,-1.18695,0.659411,0.292314,-0.002282,-0.899951,1.213096,-0.142048,0,-0.881637,0.20594,0.57111,0.92542,-1.31781
9330191.05,-0.564492,1.647481,0.653099,0.057484,0.062378,-0.64495,-0.395048,0.681254,-0.045614,0.443361,-0.588954,1.460899,0,1.022112,1.43922,0.64355,-0.92712,0.13889
9330191.06,-1.157996,-0.388482,0.85126,0.068332,0.066004,-1.148382,0.423006,1.474724,-0.097924,-1.525704,0.615303,2.248306,0,-0.462898,0.8717,1.21822,0.35509,-0.65524
9330191.07,-1.244685,1.273436,2.163482,0.078754,0.056191,-1.170025,1.442459,1.416727,-0.306784,-0.542575,1.390986,-0.676644,0,-0.580282,0.47312,0.92892,1.33022,-1.26881
9330192,-0.884574,1.032911,0.04654,0.064078,0.063018,-0.7583,0.0337,0.52075,-0.294368,0.57183,-0.46931,-0.149755,0.063465,0.273657,1.05333,-0.09874,-0.39563,-0.61136
9330200,0.087889,0.121165,-0.343648,0.029834,0.042325,-0.458534,0.054261,-0.467862,-0.004253,0.113088,-0.882292,-0.601999,-0.291991,-0.534866,-0.28294,-0.93281,0.03255,-0.48056
9330201,-0.349703,0.399158,0.287998,0.039831,0.049365,-0.136275,0.204141,-0.067372,-0.220403,0.398606,-0.098972,0.987862,0,1.214235,0.18675,0.53782,-0.37241,0.40818
9330202,-0.672363,-0.239049,0.17042,0.048339,0.045739,-0.979747,0.521668,-0.007862,-0.446996,-0.858347,0.879412,0.892954,0,-0.883877,-0.58512,0.5393,0.59334,-0.92598
9330203,0.206933,-0.016319,-0.267782,0.032812,0.043179,-0.165058,-0.491039,-0.287954,-0.479567,0.966136,-0.341373,0.3435,0,2.78876,-0.08336,0.51919,-1.10307,1.06666
9330204.01,-0.964694,1.894979,1.604874,0.050253,0.048725,-1.028355,-0.031398,0.820334,-0.502534,0.371387,1.629657,-0.159659,0,-0.301428,0.23199,1.16005,-0.25845,-1.07314
9330204.02,-0.989283,0.435232,2.094832,0.058973,0.051285,-0.654751,-0.156447,0.812743,-0.44881,0.164267,1.460598,2.07412,-0.338269,0.611992,0.21784,2.27455,-0.52043,-0.11894
9330205.01,-1.149646,1.774587,1.95704,0.071097,0.052778,-0.794901,0.682145,0.666792,-0.551616,-0.449967,1.781465,2.340298,0,0.978981,0.37327,2.37416,0.32867,-0.07834
9330205.02,-1.155663,1.43428,1.076377,0.070459,0.070271,-0.966757,0.027081,-0.192733,-0.288145,0.353707,2.267042,-0.386093,0,-0.100895,0.55917,1.12119,-0.12021,-1.26539
9330206,-0.801722,0.11355,0.401905,0.048126,0.040619,-1.069484,0.437823,-0.138341,-0.362008,-0.81217,0.432155,-0.912334,0,-0.63041,-0.73367,-0.06991,0.88306,-1.13732
9330207,-1.19075,0.897195,1.481954,0.060037,0.045312,-1.241671,-0.232572,0.572261,-0.497741,0.123791,0.772286,0.245311,0,0.428307,0.03012,1.24679,-0.21764,-0.74356
9330208,0.060844,-0.112603,0.519036,0.038767,0.042965,-0.072683,-0.417597,-0.364743,-0.587621,0.746947,1.463564,0.521339,0,1.759853,-0.58074,1.37444,-0.79342,0.54149
9330209,0.11699,-0.296031,-0.513758,0.030685,0.042325,-0.578496,-0.373099,-0.200555,-0.516306,0.767904,0.155518,0.487449,0,0.392755,-0.39071,0.20121,-0.87281,-0.10274
9330210,-0.612687,-0.81996,0.420531,0.041958,0.044459,-0.570949,-0.052525,-0.052282,-0.554291,0.225124,0.591922,0.812547,-0.337312,1.529316,-0.49868,1.12822,-0.42563,0.22091
9330220,-0.335735,2.340023,0.175126,0.042383,0.058111,-0.11039,0.029287,0.22592,0.21465,-0.023628,-0.383683,-0.313165,0,0.428307,1.10655,-0.42712,-0.14304,-0.1174
9330221.01,1.33672,1.342013,-0.788271,0.023028,0.039766,0.250266,-0.8654,-0.450753,-0.412317,1.070849,-0.214044,0,0,3.760205,,,,
9330221.03,0.666412,-0.63799,-0.917808,0.028771,0.043392,0.567911,0.397686,-0.459519,0.025553,-0.213382,-0.60568,-0.785964,0,1.796103,-0.32472,-0.72608,0.25521,1.03699
9330221.04,-0.332635,-0.202146,-0.102918,0.054507,0.053631,0.56152,0.244849,-0.205038,0.488642,-0.725834,-0.395671,-1.355047,0,0.287716,0.24984,-0.80076,0.76869,0.08666
9330222.01,-0.337239,0.274469,-0.410126,0.04685,0.045312,-0.254382,0.272793,0.00961,0.288808,-0.721001,-0.050219,-0.186279,0,0.216743,0.06974,-0.33036,0.48673,-0.07707
9330222.02,-0.529528,-0.480047,-0.905806,0.059824,0.044032,-0.697145,0.640635,-0.446144,0.196618,-1.222786,0.01435,0.186178,0,-0.79325,-0.40869,-0.47435,1.11228,-0.64954
9330223.01,-0.407843,0.420155,0.303807,0.048977,0.044032,-0.502761,1.274253,0.247462,0.072484,-1.349003,-0.556841,1.375402,0,-0.360725,-0.01502,-0.01225,1.25712,-0.12653
9330223.02,-0.780847,1.128862,0.989084,0.065779,0.059391,-0.182768,1.28491,0.85428,0.111194,-1.328525,-0.498635,0.531119,0,0.329172,0.90541,0.09173,1.30249,-0.03104
9330224.01,-1.147927,1.072277,1.00477,0.074075,0.053631,-0.808209,1.369428,0.129555,0.343435,-1.623003,1.418333,0.8817,0,-0.512102,0.17771,0.85076,1.68844,-0.73875
9330224.02,-1.131626,0.689998,1.555891,0.094918,0.063658,0.042417,1.379998,0.1747,0.383013,-1.636948,1.51506,-0.28278,0,0.328918,0.47653,0.88106,2.02117,-0.27412
9330225.01,0.119077,0.583946,-0.381566,0.038342,0.047445,0.455852,-0.378023,-0.257708,0.227568,0.223716,-0.733022,-0.358802,0,0.587137,0.34506,-0.59925,-0.34539,0.40881
9330225.02,-0.673959,-0.726465,0.270352,0.061738,0.046805,-0.747157,0.660601,0.219736,0.252511,-1.044156,0.7935,-0.362494,0,-0.381435,-0.29553,0.17822,1.04111,-0.64521
9330226.02,0.04568,0.277266,0.404386,0.05238,0.045525,0.558909,0.802413,-0.156689,0.332832,-0.777208,-0.726846,0.695365,0,0.655268,0.13871,-0.11003,0.91919,0.74706
9330226.03,-1.137367,1.355107,0.826454,0.088538,0.053205,-0.823214,1.572813,0.108666,0.971787,-2.647905,0.410178,0.797735,0,-0.802791,0.54504,0.17753,2.49914,-0.65066
9330226.04,-1.277163,3.097904,2.154453,0.088538,0.052138,-0.944861,2.062299,0.527848,0.19916,-2.623957,1.478712,-0.257802,0,-0.209231,0.38714,0.81856,2.92981,-0.90167
9330227.01,-1.373031,1.170837,3.103146,0.080243,0.054485,-0.879153,3.706534,1.38202,0.250474,-5.312114,0.85419,0.95326,0,-0.01846,-0.02789,1.05413,4.83724,-0.43108
9330227.02,-1.15026,1.012861,1.041141,0.079817,0.056191,-0.962028,1.155284,0.054265,0.452984,-1.904967,1.221229,2.218202,0,-0.770301,0.36476,1.18356,1.53678,-0.66373
9330228.02,-0.09869,1.850953,-0.326746,0.046424,0.052991,0.402164,-0.079782,-0.109399,0.147185,0.641408,-0.750878,-0.475663,0,1.547743,0.94674,-0.47584,-0.41151,0.63491
9330228.03,-1.20751,0.718674,1.580954,0.084922,0.053418,-0.705996,1.545522,0.432416,0.797943,-3.310716,0.564192,1.78877,0,-0.775322,0.3431,0.85444,2.60543,-0.45182
9330228.04,-0.965032,0.207229,0.288625,0.064291,0.055765,-0.756675,0.826397,0.402249,0.167978,-1.140156,1.139189,0.865646,0,-0.403426,0.25859,0.63679,0.88662,-0.64494
9330229,-0.31747,-0.264423,0.096302,0.05004,0.050218,-0.087369,-0.193871,0.217017,0.060191,-0.028308,-0.067408,1.270637,0,0.383154,0.30073,0.49044,-0.37205,0.24576
9330230.01,0.713102,-0.073136,-1.168463,0.039831,0.041685,0.060617,-0.464457,-0.315092,-0.230981,0.678009,-0.33617,-0.439048,0,-0.467872,-0.21305,-0.7993,-0.54163,-0.08963
9330230.02,-0.670153,0.696135,1.181956,0.062589,0.055125,0.041074,0.066486,0.284485,-0.201559,0.088509,0.496961,-1.075593,0,-0.484173,0.26822,0.14133,0.31578,-0.68603
9330231,0.785702,0.319364,-0.877395,0.045361,0.042752,0.713684,-0.135382,-0.499881,-0.02494,-0.432745,-0.71777,-1.207854,0,0.192595,-0.18053,-1.15091,0.41994,0.39411
9330232,0.486832,-0.727655,-0.229886,0.038767,0.042325,0.565981,-0.595229,-0.494842,-0.107061,0.587197,-0.810909,0.233136,0,-0.087194,-0.28955,-0.36558,-0.5665,0.37035
9330233,-0.265469,-0.286018,0.156288,0.04451,0.049152,0.112092,-0.134235,0.353216,0.099508,-0.083297,-0.930802,-0.997518,0,0.475997,0.2841,-0.59553,0.00605,0.06697
9330234,-0.097524,-0.644029,-0.406159,0.050466,0.044245,0.036336,-0.209189,0.348664,-0.195949,0.367142,-0.683379,-0.067555,0,0.312582,0.06439,-0.26061,-0.32435,0.16094
9330235.02,-0.144859,-0.932278,-0.542856,0.034301,0.040832,-0.676547,-0.183332,0.344156,-0.315848,-0.475476,-0.163653,-0.107476,0,-0.296889,-0.47173,-0.26142,-0.07893,-0.4452
9330235.03,-1.456282,1.250732,1.489483,0.091515,0.062804,-1.170287,0.702801,0.210697,0.064864,-2.242494,1.85752,-0.564168,0,-0.923142,0.24656,0.82046,1.86346,-1.52972
9330235.04,-0.770288,1.210469,0.441763,0.057059,0.046165,-1.031901,0.258647,0.176301,-0.092314,-0.78691,0.871976,0.194824,-0.339856,-1.097403,-0.03432,0.30572,0.60044,-1.13072
9330236,0.849982,-1.616016,-0.946751,0.026857,0.042752,1.198719,-0.704366,-0.869174,-0.216009,0.601027,-0.967836,-0.494581,0,-0.300211,-0.66481,-1.00493,-0.58247,0.47759
9330237,-0.307893,0.428939,0.126519,0.049827,0.047018,-0.034171,0.028262,-0.007593,-0.082897,-0.116617,0.221084,0.813512,0,-0.661938,0.04148,0.1947,0.03741,-0.28759
9330238.01,-0.194405,-0.957065,-0.673398,0.040682,0.046805,0.100306,0.060228,-0.432959,0.026042,-0.104988,-0.473312,-0.832724,0,0.190384,-0.31989,-0.71371,0.17512,-0.072
9330238.02,-0.00933,-0.650069,0.120845,0.045786,0.046379,0.536871,0.161629,-0.130995,0.040991,-0.228004,-0.640565,-0.157732,0,0.082846,-0.13742,-0.36858,0.31815,0.26953
9330239,-0.4165,-0.833332,0.238349,0.047488,0.044032,-0.224711,-0.284169,-0.034555,-0.070351,-0.039988,-0.188759,-0.816143,0,0.168729,-0.33455,-0.12665,0.00336,-0.26005
9330240.01,-0.481916,-0.864796,-0.480628,0.051954,0.042752,-0.406265,0.151875,-0.143312,-0.030284,-0.215444,-0.029069,-0.773224,0,-0.378464,-0.44109,-0.43365,0.39306,-0.54434
9330240.02,-0.43587,-1.105653,0.094227,0.042383,0.053418,0.089113,-0.58726,0.110088,0.225713,0.666134,-0.407796,0.137666,0,0.469497,0.32232,0.05755,-0.85209,0.14035
9330241,-0.074286,-0.75833,0.002751,0.040044,0.044672,0.278889,-0.602689,-0.134521,-0.191884,0.56924,-0.09574,-0.461485,0,1.041171,-0.22394,0.11255,-0.64571,0.38994
9330242,-0.302981,0.336977,0.096662,0.057484,0.049152,0.494798,-0.279071,-0.041426,-0.132848,0.358236,-0.150436,0.718576,0,0.755708,0.32493,0.38558,-0.35916,0.49701
9330243.01,0.00123,-0.476795,0.269443,0.052593,0.045525,0.595368,-0.480693,0.006581,-0.043523,0.076456,-0.640565,0.080063,0,-0.299044,-0.00495,-0.16897,-0.15913,0.17256
9330243.02,0.003041,-0.533806,0.304908,0.053231,0.037632,-0.200145,0.076514,0.156379,-0.338476,-0.284342,-0.631508,-1.042447,0,0,,,,
9330250.01,0,0,0,0,0,0,0,-0.947361,-0.701339,0,0.002463,0,-0.301016,0,,,,
9330250.02,2.743151,-0.913342,-1.134668,0.020476,0.034432,1.650672,-0.817002,-1.209493,-0.647948,0.833832,-1.011891,-0.43502,0.021204,-0.863103,-1.09876,-1.36093,-0.60653,0.88693
9330251,-2.957384,0,0,-21.257142,-21.306288,-0.703509,0,0.885616,0,2.552513,0,0,0.998765,0,,,,
9330260.04,0.31729,-0.1565,-0.082803,0.032812,0.041899,-0.279361,-0.185851,0.018293,-0.559423,0.569346,-0.640565,0.129227,0,-0.435915,-0.31738,-0.31886,-0.47331,-0.25969
9330260.05,0.183787,1.945571,-0.165391,0.024942,0.042112,-0.436204,-0.858527,0.082805,-0.603925,1.213548,0.045511,-0.606588,0,0.281263,0.16725,-0.17219,-1.25896,-0.33245
9330260.06,1.272931,-0.108616,-1.416278,0.03026,0.036566,0.25724,-0.351756,-0.924171,-0.55022,0.454667,-0.516881,-0.289382,0,-0.746598,-0.79834,-1.04834,-0.30099,-0.01098
9330260.07,-0.063388,0.34436,-0.585609,0.032174,0.042325,-0.74922,-0.3569,0.240472,-0.443922,0.623864,0.527392,0.476453,0,0,,,,
9330260.08,1.618061,-0.750257,-1.238765,0.039831,0.032726,0.069594,0.362517,-1.045779,-0.352621,-0.488086,-0.970716,-1.486576,0,0,,,,
9330260.09,-0.442071,-0.755537,0.260779,0.054507,0.042965,-0.656164,-0.45643,0.209053,-0.564824,0.670571,0.222018,0.17967,-0.302523,0.272917,-0.33803,0.60523,-0.60324,-0.32589
9330260.1,-0.212669,-0.6996,0.287281,0.049402,0.035926,-0.906048,0.276745,-0.088326,-0.294929,-0.724586,0.021311,-1.662132,0,0,,,,
9330270,0,0,0,0,0,0,0,11.853054,11.828043,0,5.010839,0,6.398624,0,,,,
9330280,0.661654,-0.772594,-1.146791,0.045574,0.039979,-0.097179,-0.605243,-0.65812,-0.368103,0.045244,-1.026404,-0.71747,-0.289838,0,,,,
9330281.01,0.694101,-0.320117,-0.829181,0.025155,0.039979,-0.029867,-0.560038,-0.689607,-0.377202,0.961015,-0.888434,-0.626756,0,-0.823624,-0.5329,-1.05163,-0.71027,-0.34577
9330281.02,-0.227404,-0.617405,-0.353591,0.038555,0.047658,-0.500333,-0.531785,-0.061153,-0.460059,0.668712,-0.355804,-0.199213,-0.337397,-0.053391,-0.17539,-0.19052,-0.763,-0.43623
9330282.01,-0.283765,-0.419204,0.108648,0.035364,0.044459,-0.377465,-0.1528,0.363357,-0.208631,0.017474,-0.181388,0.199228,-0.185415,0.722624,-0.08468,0.208,-0.36329,0.08387
9330282.02,-0.516942,0.237037,-0.201374,0.041107,0.049365,-0.842255,0.115428,0.832951,-0.375319,0.29835,0.421382,0.872219,0.325716,-0.391473,0.28198,0.35561,-0.50521,-0.59134
9330283,-0.615573,-0.145914,0.804028,0.057484,0.045952,-0.364847,0.689062,0.155239,-0.047604,-1.45346,0.236377,0.106253,0,0.031063,-0.31457,0.31939,1.21592,-0.2665
9330284.01,-0.5613,1.666562,0.925767,0.063653,0.049152,-0.409271,0.811535,0.499009,0.020374,-1.276757,-0.017953,0.223558,0,-0.455409,0.4085,0.0774,1.21749,-0.4567
9330284.02,-0.092551,0.974191,-0.062029,0.041745,0.043819,-0.224042,-0.287575,-0.003748,-0.302044,0.143523,-0.238607,0.092357,0,-0.083135,0.05556,-0.13257,-0.28298,-0.2159
9330285.01,-1.175647,-0.268623,1.659793,0.07131,0.052778,-1.004957,0.32171,1.326961,-0.185655,-1.072178,1.981483,1.547292,0,-0.545759,0.12606,1.91306,0.46003,-0.76819
9330285.02,0.892682,-1.049191,-0.838347,0.028558,0.041259,0.118748,-0.81483,-0.591631,-0.424087,0.887423,-0.622681,-1.171289,0,0.217036,-0.62658,-0.83248,-0.82815,0.09442
9330286.01,0.221115,0.015436,-0.922123,0.037279,0.045952,-0.061956,-0.496436,-0.500912,-0.455856,0.69926,-0.763422,0.034993,0,0.332647,-0.10496,-0.51285,-0.73251,0.05792
9330286.02,0.395262,-0.188611,-0.874903,0.032599,0.042539,-0.393036,-0.508113,-0.134366,-0.38087,0.700846,-0.794587,0.125862,0,-0.808895,-0.178,-0.70909,-0.76327,-0.41295
9330286.03,0.937838,-0.27265,-1.032549,0.025368,0.040406,-0.032183,-0.892143,-0.769608,-0.647404,1.129983,-0.55047,-0.935269,-0.01963,-0.184868,-0.6254,-0.88069,-1.01562,-0.16428
9330287.01,0.023025,0.079429,-0.394327,0.036215,0.041472,-0.352111,-0.039427,0.096564,-0.166262,-0.191801,-0.612862,0.239923,-0.33659,-1.064638,-0.17901,-0.58313,0.00043,-0.51145
9330287.02,0.494936,-0.865013,-1.278371,0.032387,0.038699,0.126241,-0.307182,-0.59647,-0.416032,0.608474,-0.66247,-1.002471,-0.332707,-0.965245,-0.7314,-1.20586,-0.27959,-0.42228
9330287.06,-0.58288,-0.705275,0.326212,0.056634,0.054698,-0.3427,0.376965,0.289061,0.028359,-0.300296,0.496961,-0.376885,0,-1.020932,0.01275,-0.05716,0.45585,-0.82907
9330287.09,-0.994655,0.748577,0.654533,0.083646,0.049578,-0.986601,1.09722,1.548483,0.34476,-1.875585,1.100856,-0.537989,0,0,,,,
9330287.1,0.711046,0.434582,-1.14851,0.041532,0.037206,0.156903,-0.314319,-0.763623,-0.06241,-0.068439,-1.075288,-0.757525,0,0,,,,
9330287.11,0.357749,-0.556857,-0.776942,0.031961,0.040619,-0.334563,-0.667718,-0.047465,-0.310253,0.257933,-0.461604,-0.792872,0,0,,,,
9330287.12,0.193426,-0.156001,-1.006229,0.062376,0.038699,0.078985,-0.036726,-0.289467,-0.019693,-0.0086,-0.818025,0.646726,0,0,,,,
9330287.13,-0.190076,0.65365,-0.539202,0.06663,0.040832,-0.110712,0.784974,-0.078554,0.23864,-1.374456,-0.993778,-1.553109,0,0,,,,
9330287.14,0.549117,-0.27265,-1.027337,0.056634,0.037419,0.205074,-0.287854,-0.805791,0.049741,-0.03923,-1.04055,-1.11431,0,0,,,,
9330287.15,-0.506935,0.306954,-0.740381,0.058335,0.047445,-0.786667,-0.003121,0.132749,-0.116309,0.239341,0.557467,0.414933,0,0,,,,
9330287.16,-0.998952,0.563881,-0.66593,0.081306,0.054911,-1.110451,0.831242,-0.005939,0.255076,-0.857569,0.358896,0.590022,0,0,,,,
9330290.02,-0.778392,-1.134111,-0.027464,0.044297,0.046805,-1.182793,-0.147721,1.285972,-0.455856,0.214954,1.988908,-0.087136,0,-0.906847,-0.29714,0.85158,-0.52131,-1.20246
9330290.03,-0.095866,0.464102,-0.381433,0.036002,0.046805,-0.578366,-0.505085,0.284008,-0.55729,0.825651,-0.612862,-0.137936,0,-0.651327,0.14974,-0.45995,-0.85796,-0.6696
9330290.04,0.970224,0.123169,-1.321148,0.03026,0.037206,-0.295764,-0.486621,-0.803293,-0.437204,0.777431,-0.816792,-0.592323,0,0,,,,
9330290.05,0.065326,-0.174668,-0.634134,0.041532,0.041472,-0.515795,-0.858699,-0.396292,-0.571435,1.297287,-0.933944,-1.072652,0,-0.740012,-0.32304,-0.86475,-0.91993,-0.76812
9330291.01,-0.576034,0.034576,0.070867,0.051316,0.049792,-0.759634,-0.093007,0.612169,-0.329923,0.150745,0.455465,-0.237558,0,-0.451379,0.12328,0.15622,-0.22461,-0.78324
9330291.02,-0.156033,-0.642008,-0.366962,0.03345,0.045099,-0.736507,-0.244994,0.32144,-0.439981,0.382387,-0.379913,0.805548,0,-0.32709,-0.14276,0.01881,-0.69381,-0.3969
9330292.01,0.487753,-0.468425,-1.044113,0.034088,0.040406,-0.468102,-0.999522,-0.332988,-0.600783,1.283118,-0.785473,-0.406456,0,-0.930223,-0.39225,-0.7988,-1.20005,-0.60477
9330292.03,0.073921,0.06848,-0.750171,0.040894,0.041899,-0.410637,-0.256835,-0.309527,-0.328474,0.644321,-0.562882,-0.157423,0,-0.953036,-0.24773,-0.68762,-0.39553,-0.61459
9330292.04,0.08224,-1.310842,-0.667664,0.035152,0.041899,-0.664188,-0.626353,-0.327803,-0.546148,0.979018,-0.888434,0.169283,-0.32692,-0.367037,-0.52326,-0.38337,-0.95096,-0.42887
9330400.02,0.252795,-1.197658,-1.248925,0.036428,0.044032,-0.059873,-0.762039,-0.687582,-0.692549,1.001852,-0.366225,0.257297,-0.282558,0.093928,-0.58879,-0.27346,-1.05382,-0.03815
9330400.04,0.461077,0.617,-0.69032,0.028984,0.039126,-0.333253,-0.740715,-0.304288,-0.652108,1.062644,-0.629217,-1.182281,-0.318274,-0.740078,-0.36042,-0.9604,-0.82972,-0.65205
9330400.05,0.283861,-1.194935,-0.996793,0.027707,0.041899,-0.686589,-0.667879,-0.01149,-0.637794,1.108781,-0.766799,-1.644153,0,-1.07453,-0.57465,-1.20572,-0.87076,-1.00188
9330400.06,0.304336,0.415558,-0.919258,0.032599,0.043179,-0.5883,-0.533518,-0.414177,-0.614286,1.031227,0.11581,-1.495162,0,-0.989321,-0.43891,-0.90317,-0.67026,-1.02159
9330401.01,-0.760464,0.669853,0.389965,0.050466,0.057258,-0.769771,-1.022303,0.428163,-0.664757,1.414456,1.185094,1.25479,0,0.283967,0.53406,1.35876,-1.7357,-0.52388
9330401.02,-0.990603,0.27131,0.140566,0.050891,0.061951,-1.03443,-0.824053,0.635557,-0.628532,1.00427,1.272367,0.693525,0,-0.848506,0.53037,0.88104,-1.38495,-1.25826
9330402.02,-0.23164,-0.003378,-0.875773,0.034514,0.046379,-0.812481,-0.953468,0.416093,-0.677005,1.37493,-0.231379,-0.097134,0,-0.39138,0.12903,-0.23088,-1.53005,-0.72444
9330402.03,-0.828705,-0.206471,0.333761,0.05238,0.061311,-1.041304,-0.768288,1.178996,-0.613414,1.017438,1.248355,0.973925,0,-0.714447,0.63314,1.09252,-1.46773,-1.04599
9330402.04,-0.224611,0.74883,-0.453964,0.033025,0.050432,-0.75173,-1.088838,-0.008725,-0.645618,1.394513,-0.066006,-0.17808,-0.192113,-0.542753,0.21192,-0.17783,-1.54686,-0.87557
9330403.01,-0.342151,1.222382,-0.627206,0.039831,0.050005,-0.8568,-1.086681,0.526773,-0.690327,1.289793,-0.158312,0.747493,-0.07985,-0.263345,0.61443,0.14376,-1.69968,-0.63231
9330403.03,-0.148696,-0.897013,-0.747732,0.035577,0.043819,-0.798217,-0.865701,0.616326,-0.646936,1.217586,0.083974,0.925118,-0.334534,-0.155927,-0.06903,0.37061,-1.56962,-0.37293
9330403.04,0.209174,0.01479,-1.087478,0.024942,0.041685,-0.696266,-1.00387,0.093359,-0.640939,1.363929,-0.174906,-0.688402,0,-0.06485,-0.18237,-0.48919,-1.48505,-0.52318
9330403.05,0.391486,-0.829344,-0.936555,0.023241,0.042112,-0.548852,-0.96689,-0.180499,-0.598619,1.179198,-0.377238,-0.933565,0,-0.643869,-0.51128,-0.74364,-1.24116,-0.67575
9330404.01,0.099953,-0.87844,-1.05969,0.028133,0.047658,-0.22418,-0.868978,-0.509459,-0.666671,1.213764,-0.676515,-0.496359,-0.335318,-0.404985,-0.36702,-0.71809,-1.21505,-0.50281
9330404.02,0.935812,-0.604006,-1.30754,0.02239,0.038272,-0.278299,-0.800654,-1.036512,-0.649749,0.867573,-0.498635,-0.851163,-0.161953,-0.729139,-0.94609,-1.04236,-0.81388,-0.47221
9330410.02,-0.42927,-0.535263,-0.240477,0.048339,0.050645,-0.816727,-0.450262,0.264739,-0.553446,0.845225,0.360824,-0.636367,-0.298467,-0.876555,-0.1141,-0.09569,-0.6914,-1.08373
9330410.04,-0.278546,-0.978177,-0.37569,0.033876,0.055978,-0.401273,-0.536998,-0.543422,-0.275939,0.796288,-0.677502,1.318644,-0.236796,0,,,,
9330410.05,-0.22369,-0.22387,-0.289269,0.030898,0.045525,-0.77304,-0.526935,0.234961,-0.616004,0.902371,0.175749,-0.847522,0.177195,-0.866987,-0.29287,-0.32821,-0.84256,-1.04328
9330410.06,0.427033,-0.650504,-1.225234,0.032174,0.038486,-0.56242,-0.883339,-0.553826,-0.656733,1.195583,-0.813247,-0.755282,0,0,,,,
9330500,-0.28312,0.125058,-0.444622,0.048339,0.055125,0.031533,-1.019848,-0.489892,-0.543418,1.100564,-0.186803,-0.174425,1.539283,-0.399181,0.15514,-0.20045,-1.12129,-0.51044
9330501.01,0.162974,-1.883544,-0.410255,0.035152,0.047872,-0.203983,-0.909812,-0.742776,-0.617801,1.008822,0.158167,-1.222394,-0.150142,-0.328492,-0.87866,-0.32799,-0.89564,-0.59927
9330501.02,0.4414,-0.534383,-1.090354,0.029622,0.043392,0.137255,-0.93348,-1.044195,-0.691091,1.368235,-0.611672,-0.171714,-0.192173,-0.371328,-0.59336,-0.63729,-1.18895,-0.2147
9330501.03,-0.038278,-0.237904,-1.035587,0.036428,0.046379,-0.245578,0,-0.615191,-0.641432,1.508807,-0.58348,-0.46808,-0.007459,-0.548057,,,,
9330502.01,0.321496,0.787227,-1.359201,0.028558,0.044885,-0.630042,0,-0.555819,-0.712858,1.494791,-0.353205,0.598842,0.182684,-0.754313,,,,
9330502.02,-0.109342,1.054614,-0.758615,0.031961,0.053205,-0.494491,0,-0.23351,-0.671668,1.299489,0.255013,-0.526285,2.074518,-0.599369,,,,
9330502.03,0.120858,-1.043815,-0.93371,0.029196,0.042112,-0.486712,-1.099396,-0.281473,-0.687265,1.397501,-0.568111,-0.454722,0,-0.932986,-0.52242,-0.61235,-1.38957,-0.76124
9330502.05,0.649835,-1.495707,-0.477156,0.027707,0.042112,0.580538,-0.995016,-0.349727,-0.668042,1.08453,-0.524281,0.914884,0.379451,-0.149679,-0.58405,0.03492,-1.32074,0.38466
9330502.06,0.969456,-2.12796,-1.274002,0.021539,0.039552,-0.057301,0,-0.837839,-0.629162,1.398029,-0.780577,-0.531045,-0.315861,-0.852131,,,,
9330502.07,0.003839,-1.154047,-0.975299,0.03026,0.047658,-0.55919,-1.068702,-0.426949,-0.652005,1.408982,0.130501,-1.145557,-0.335393,-0.885858,-0.5496,-0.58795,-1.32975,-1.01383
9330503.01,0.479956,-1.490291,-1.124547,0.023666,0.037846,-0.518064,-0.912337,-0.974932,-0.687369,1.236779,-0.73717,-0.313165,0,-0.850899,-1.04356,-0.75664,-1.12634,-0.61697
9330503.03,0.089577,-0.274623,-0.9552,0.030898,0.042752,-0.589226,-0.904945,-0.281934,-0.693429,1.401424,-0.467422,-0.513036,0,-0.89049,-0.35599,-0.65251,-1.26315,-0.83081
9330503.06,-0.934334,-0.020657,0.059165,0.05238,0.053845,-1.265718,-0.541825,1.39681,-0.550039,0.635162,1.187831,0.208756,0,-1.005467,0.43649,0.68079,-0.99848,-1.31458
9330503.07,-1.513011,0.491191,1.686702,0.089176,0.095016,-1.326103,0.531081,1.780917,-0.107061,-0.208913,2.64137,-0.293531,0,-0.817904,1.81836,1.35365,0.05563,-1.76478
9330503.08,-1.070232,-1.233701,0.612262,0.057272,0.053205,-1.134365,-0.645739,0.907998,-0.579177,1.14169,0.978041,-0.677045,-0.334857,-0.863566,-0.02835,0.65488,-0.97219,-1.38494
9330503.09,-0.946521,1.860824,-0.262413,0.05557,0.065791,-1.168688,-0.930812,1.038759,-0.639685,1.277777,0.925857,0.499849,0,0,,,,
9330504.03,0.512833,-0.817545,-1.00129,0.027282,0.038486,-0.536004,-0.878236,-0.604733,-0.688848,1.279078,-0.174187,-1.076382,-0.241319,-1.04576,-0.86632,-0.79921,-1.02896,-0.85109
9330504.05,0.321219,-1.133152,-0.83031,0.029409,0.041685,-0.629609,-0.563239,-0.098595,-0.563712,0.620911,0.110897,-1.338586,0.016972,0,,,,
9330504.06,0.450548,-0.203847,-1.17529,0.028984,0.046165,-0.555526,0,-0.875275,-0.704464,1.521371,-0.091123,-1.381442,-0.163705,-0.949869,,,,
9330504.07,-0.281186,-0.944381,-1.397764,0.030685,0.047445,-0.95203,-0.75835,0.382299,-0.599936,1.04933,0.140109,-1.305682,0,0,,,,
9330504.08,0.468782,-0.672094,-1.403364,0.03111,0.045952,-0.637834,-0.703941,-0.674919,-0.574271,0.913376,0.044454,-1.419096,0,0,,,,
9330504.09,0.634855,-0.911897,-1.179695,0.029834,0.040192,0.072111,-0.424078,-0.675135,-0.488031,0.880068,-1.067364,0,-0.326293,-1.027889,,,,
9330504.1,-0.483635,-0.382717,-1.086601,0.044936,0.048725,-0.960671,-0.784868,0.165745,-0.659012,1.058783,0.521781,-0.350929,0,0,,,,
9330504.11,0.292456,-0.821977,-0.600519,0.041745,0.039979,-0.249682,-0.304776,-0.009685,-0.479738,0.323859,-0.791269,-1.570609,-0.13578,-0.701408,-0.54712,-1.06018,-0.07442,-0.57671
9330504.12,0.396367,0.003119,-0.926111,0.039831,0.038912,-0.221867,0.435979,-0.441612,-0.341878,-0.502943,-0.971975,0,-0.325239,-0.997846,,,,
9330504.13,-0.089542,-0.967116,-0.753981,0.039831,0.040832,-0.898315,-0.426672,-0.017679,-0.534065,0.444077,1.781465,0,0,0,,,,
9330505.01,0.361801,-0.945723,-0.727363,0.028345,0.038486,-0.253464,0,-0.372806,-0.718361,1.501161,0.025657,-1.497264,-0.100174,-0.322485,,,,
9330505.02,0.852683,-0.946414,-0.224933,0.03345,0.039979,0.248286,-0.79173,-0.624187,-0.551833,0.389092,-0.678545,-0.389307,0.080789,-0.199319,-0.77034,-0.46916,-0.5338,0.09319
9330506.01,-0.566887,1.081344,-0.589506,0.045786,0.048725,-0.965548,-0.883825,1.040186,-0.582528,1.278096,0.183598,-0.424178,0,-0.797123,0.63257,-0.14765,-1.37453,-1.08839
9330506.02,-0.393661,1.03499,-0.42345,0.040894,0.051925,-0.743532,-0.969636,0.309595,-0.471973,0.982705,0.229729,0.521561,-0.04497,-0.849239,0.47806,0.0915,-1.35794,-0.88414
